-- MySQL dump 10.13  Distrib 8.0.41, for Win64 (x86_64)
--
-- Host: localhost    Database: global_uaeh
-- ------------------------------------------------------
-- Server version	8.0.41

/*!40101 SET @OLD_CHARACTER_SET_CLIENT=@@CHARACTER_SET_CLIENT */;
/*!40101 SET @OLD_CHARACTER_SET_RESULTS=@@CHARACTER_SET_RESULTS */;
/*!40101 SET @OLD_COLLATION_CONNECTION=@@COLLATION_CONNECTION */;
/*!50503 SET NAMES utf8 */;
/*!40103 SET @OLD_TIME_ZONE=@@TIME_ZONE */;
/*!40103 SET TIME_ZONE='+00:00' */;
/*!40014 SET @OLD_UNIQUE_CHECKS=@@UNIQUE_CHECKS, UNIQUE_CHECKS=0 */;
/*!40014 SET @OLD_FOREIGN_KEY_CHECKS=@@FOREIGN_KEY_CHECKS, FOREIGN_KEY_CHECKS=0 */;
/*!40101 SET @OLD_SQL_MODE=@@SQL_MODE, SQL_MODE='NO_AUTO_VALUE_ON_ZERO' */;
/*!40111 SET @OLD_SQL_NOTES=@@SQL_NOTES, SQL_NOTES=0 */;

--
-- Table structure for table `adscripcion`
--

DROP TABLE IF EXISTS `adscripcion`;
/*!40101 SET @saved_cs_client     = @@character_set_client */;
/*!50503 SET character_set_client = utf8mb4 */;
CREATE TABLE `adscripcion` (
  `idAdscripcion` int NOT NULL,
  `instituto` varchar(80) NOT NULL,
  `area` varchar(150) NOT NULL,
  `nombramiento` varchar(10) NOT NULL,
  `fechaingreso` datetime NOT NULL,
  `idInvestigador` int NOT NULL,
  PRIMARY KEY (`idAdscripcion`),
  KEY `idInvestigador` (`idInvestigador`),
  CONSTRAINT `adscripcion_ibfk_1` FOREIGN KEY (`idInvestigador`) REFERENCES `investigador` (`idInvestigador`)
) ENGINE=InnoDB DEFAULT CHARSET=utf8mb4 COLLATE=utf8mb4_0900_ai_ci;
/*!40101 SET character_set_client = @saved_cs_client */;

--
-- Dumping data for table `adscripcion`
--

LOCK TABLES `adscripcion` WRITE;
/*!40000 ALTER TABLE `adscripcion` DISABLE KEYS */;
INSERT INTO `adscripcion` VALUES (1,'Instituto de Ciencias Computacionales','Inteligencia Artificial','TC','2015-03-15 09:00:00',12),(2,'Instituto de Ingeniería','Sistemas Computacionales','PTC','2018-07-22 00:00:00',2),(3,'Instituto de Biotecnología','Genética Molecular','TC','2012-11-05 00:00:00',3),(4,'Instituto de Física','Física Cuántica','PTC','2019-02-18 00:00:00',4),(5,'Instituto de Química','Química Orgánica','TC','2016-09-30 00:00:00',5),(6,'Instituto de Ciencias Sociales','Sociología','PTC','2017-04-12 00:00:00',6),(7,'Instituto de Matemáticas','Análisis Numérico','TC','2014-08-25 00:00:00',7),(8,'Instituto de Economía','Econometría','PTC','2020-01-10 00:00:00',8),(9,'Instituto de Psicología','Neurociencias','TC','2013-06-08 00:00:00',9),(10,'Instituto de Derecho','Derecho Internacional','PTC','2019-11-15 00:00:00',10),(11,'Instituto de Tecnologías Emergentes','Bioinformática','TC','2016-04-20 09:30:00',11),(12,'Centro de Estudios Urbanos','Ciudades Inteligentes','MT','2017-05-10 10:00:00',12),(13,'Instituto de Energías Renovables','Sistemas Energéticos','TC','2015-06-15 08:45:00',13),(14,'Facultad de Medicina','Telemedicina','MT','2018-07-22 11:15:00',14),(15,'Instituto de Nanociencias','Nanomateriales','TC','2016-08-30 09:30:00',15),(16,'Centro de Ciencias Ambientales','Biotecnología','MT','2017-09-05 10:00:00',16),(17,'Instituto de Ciencias Atmosféricas','Modelado Climático','TC','2015-10-12 08:45:00',17),(18,'Facultad de Ingeniería','Sistemas Expertos','MT','2018-11-18 11:15:00',18),(19,'Instituto de Realidad Virtual','Interfaces Inmersivas','TC','2016-12-03 09:30:00',19),(20,'Centro de Logística','Optimización','MT','2017-01-15 10:00:00',20),(21,'Instituto de Neurociencias','Interfaces Neurales','TC','2015-02-20 08:45:00',21),(22,'Facultad de Tecnología','IoT Industrial','MT','2018-03-25 11:15:00',22),(23,'Instituto de Imagenología','Diagnóstico por Imagen','TC','2016-04-10 09:30:00',23),(24,'Centro de Gobierno Digital','Gobierno Abierto','MT','2017-05-22 10:00:00',24),(25,'Instituto de Biología Molecular','Modelado Proteico','TC','2015-06-08 08:45:00',25),(26,'Facultad de Ciencias Ambientales','Monitoreo Ecológico','MT','2018-07-14 11:15:00',26),(27,'Instituto de Física Cuántica','Simulación Cuántica','TC','2016-08-19 09:30:00',27),(28,'Centro de Innovación Educativa','Tecnologías Educativas','MT','2017-09-28 10:00:00',28),(29,'Instituto de Finanzas','Tecnología Financiera','TC','2015-10-05 08:45:00',29),(30,'Facultad de Agronomía','Agricultura de Precisión','MT','2018-11-11 11:15:00',30),(31,'Instituto de Medicina Personalizada','Diagnóstico Avanzado','TC','2016-12-17 09:30:00',31),(32,'Centro de Análisis Financiero','Modelado de Mercados','MT','2017-01-22 10:00:00',32),(33,'Instituto de Rehabilitación','Robótica Médica','TC','2015-02-28 08:45:00',33),(34,'Facultad de Seguridad Informática','Ciberseguridad','MT','2018-03-08 11:15:00',34),(35,'Instituto de Salud Pública','Epidemiología','TC','2016-04-14 09:30:00',35),(36,'Centro de Oceanografía','Robótica Submarina','MT','2017-05-19 10:00:00',36),(37,'Instituto de Educación','Tecnologías del Aprendizaje','TC','2015-06-24 08:45:00',37),(38,'Facultad de Cadena de Suministro','Blockchain','MT','2018-07-30 11:15:00',38),(39,'Instituto de Arquitectura','Diseño Digital','TC','2016-08-05 09:30:00',39),(40,'Centro de Telecomunicaciones','Redes 5G','MT','2017-09-11 10:00:00',40),(41,'Instituto de Neurodesarrollo','Diagnóstico Temprano','TC','2015-10-17 08:45:00',41),(42,'Facultad de Turismo','Sistemas de Recomendación','MT','2018-11-23 11:15:00',42),(43,'Instituto de Calidad del Aire','Nanotecnología','TC','2016-12-29 09:30:00',43),(44,'Centro de Deportes','Analítica Deportiva','MT','2017-01-04 10:00:00',44),(45,'Instituto de Materiales Avanzados','Simulación Cuántica','TC','2015-02-09 08:45:00',45),(46,'Facultad de Gerontología','Tecnologías Asistivas','MT','2018-03-15 11:15:00',46),(47,'Instituto de Seguridad Digital','Detección de Fraude','TC','2016-04-21 09:30:00',47),(48,'Centro de Movilidad Urbana','Modelado de Tráfico','MT','2017-05-27 10:00:00',48),(49,'Instituto de Patrimonio Cultural','Tecnologías Museísticas','TC','2015-06-02 08:45:00',49),(50,'Facultad de Computación Cuántica','Algoritmos Cuánticos','MT','2018-07-08 11:15:00',50),(51,'Instituto de Cardiología','Diagnóstico Cardiovascular','TC','2016-08-13 09:30:00',51),(52,'Centro de Mercados Financieros','Trading Algorítmico','MT','2017-09-19 10:00:00',52),(53,'Instituto de Cirugía Mínimamente Invasiva','Robótica Quirúrgica','TC','2015-10-25 08:45:00',53),(54,'Facultad de Educación en Línea','Plataformas Educativas','MT','2018-11-30 11:15:00',54),(55,'Instituto de Ciencias Marinas','Modelado Marino','TC','2016-12-06 09:30:00',55),(56,'Centro de Agricultura','Tecnología Agrícola','MT','2017-01-12 10:00:00',56),(57,'Instituto de Computación Neuromórfica','Arquitecturas Cognitivas','TC','2015-02-18 08:45:00',57),(58,'Facultad de Entrenamiento Industrial','Realidad Virtual','MT','2018-03-26 11:15:00',58),(59,'Instituto de Propiedad Intelectual','Tecnologías Legales','TC','2016-04-01 09:30:00',59),(60,'Centro de Música','Sistemas de Recomendación','MT','2017-05-07 10:00:00',60),(61,'Instituto de Neurodegeneración','Diagnóstico con Wearables','TC','2015-06-13 08:45:00',61),(62,'Facultad de Economía','Modelado Económico','MT','2018-07-19 11:15:00',62),(63,'Instituto de Exploración Espacial','Robótica Planetaria','TC','2016-08-24 09:30:00',63),(64,'Centro de Psiquiatría','Telepsiquiatría','MT','2017-09-30 10:00:00',64),(65,'Instituto de Virología','Modelado Viral','TC','2015-10-06 08:45:00',65),(66,'Facultad de Protección Ambiental','Detección de Incendios','MT','2018-11-12 11:15:00',66),(67,'Instituto de Química Teórica','Computación Cuántica','TC','2016-12-18 09:30:00',67),(68,'Centro de Comercio','Realidad Aumentada','MT','2017-01-24 10:00:00',68),(69,'Instituto de Redes Neuronales','Algoritmos de Aprendizaje','TC','2015-02-01 08:45:00',69),(70,'Facultad de Agrotecnología','Diagnóstico Agrícola','MT','2018-03-09 11:15:00',70),(71,'Instituto de Oncología','Nanotecnología Médica','TC','2016-04-15 09:30:00',71),(72,'Centro de Salud Global','Modelado de Pandemias','MT','2017-05-21 10:00:00',72),(73,'Instituto de Neurología','Rehabilitación Robótica','TC','2015-06-27 08:45:00',73),(74,'Facultad de Identidad Digital','Sistemas Seguros','MT','2018-07-03 11:15:00',74),(75,'Instituto de Ciencia de Materiales','Simulación Avanzada','TC','2016-08-08 09:30:00',75),(76,'Centro de Fraude Financiero','Detección con IA','MT','2017-09-14 10:00:00',76),(77,'Instituto de Logística','Computación Cuántica','TC','2015-10-20 08:45:00',77),(78,'Facultad de Psicología','Terapias Virtuales','MT','2018-11-26 11:15:00',78),(79,'Instituto de Democracia Digital','Votación Electrónica','TC','2016-12-02 09:30:00',79),(80,'Centro de Literatura','Sistemas de Recomendación','MT','2017-01-08 10:00:00',80),(81,'Instituto de Enfermedades Neurodegenerativas','Diagnóstico con Wearables','TC','2015-02-14 08:45:00',81),(82,'Facultad de Sistemas Complejos','Modelado Económico','MT','2018-03-22 11:15:00',82),(83,'Instituto de Gestión de Desastres','Robótica de Rescate','TC','2016-04-28 09:30:00',83),(84,'Centro de Pediatría','Telemedicina Pediátrica','MT','2017-05-04 10:00:00',84),(85,'Instituto de Descubrimiento de Fármacos','IA en Farmacología','TC','2015-06-10 08:45:00',85),(86,'Facultad de Medio Ambiente','Monitoreo Acústico','MT','2018-07-16 11:15:00',86),(87,'Instituto de Machine Learning','Algoritmos Cuánticos','TC','2016-08-21 09:30:00',87),(88,'Centro de Educación Primaria','Realidad Aumentada','MT','2017-09-27 10:00:00',88),(89,'Instituto de Criptomonedas','Algoritmos Financieros','TC','2015-10-03 08:45:00',89),(90,'Facultad de Automoción','Diagnóstico Automotriz','MT','2018-11-09 11:15:00',90),(91,'Instituto de Energía Solar','Nanotecnología','TC','2016-12-15 09:30:00',91),(92,'Centro de Inmunología','Modelado Inmunológico','MT','2017-01-21 10:00:00',92),(93,'Instituto de Agricultura','Robótica Agrícola','TC','2015-02-27 08:45:00',93),(94,'Facultad de Salud Mental','Plataformas Digitales','MT','2018-03-05 11:15:00',94),(95,'Instituto de Ecología Urbana','Simulación de Ecosistemas','TC','2016-04-11 09:30:00',95),(96,'Centro de Seguridad Informática','Detección de Malware','MT','2017-05-17 10:00:00',96),(97,'Instituto de Análisis Financiero','Computación Cuántica','TC','2015-06-23 08:45:00',97),(98,'Facultad de Diseño Industrial','Realidad Virtual','MT','2018-07-29 11:15:00',98),(99,'Instituto de Registros Médicos','Blockchain en Salud','TC','2016-08-04 09:30:00',99),(100,'Centro de Cine','Sistemas de Recomendación','MT','2017-09-10 10:00:00',100);
/*!40000 ALTER TABLE `adscripcion` ENABLE KEYS */;
UNLOCK TABLES;

--
-- Table structure for table `alumno`
--

DROP TABLE IF EXISTS `alumno`;
/*!40101 SET @saved_cs_client     = @@character_set_client */;
/*!50503 SET character_set_client = utf8mb4 */;
CREATE TABLE `alumno` (
  `idAlumno` int NOT NULL,
  `nocuenta` varchar(25) NOT NULL,
  `paterno` varchar(80) NOT NULL,
  `materno` varchar(80) NOT NULL,
  `nombre` varchar(80) NOT NULL,
  `email` varchar(120) NOT NULL,
  PRIMARY KEY (`idAlumno`)
) ENGINE=InnoDB DEFAULT CHARSET=utf8mb4 COLLATE=utf8mb4_0900_ai_ci;
/*!40101 SET character_set_client = @saved_cs_client */;

--
-- Dumping data for table `alumno`
--

LOCK TABLES `alumno` WRITE;
/*!40000 ALTER TABLE `alumno` DISABLE KEYS */;
INSERT INTO `alumno` VALUES (1,'20230001','García','López','Juan Carlos','juan.garcia@email.com'),(2,'20230002','Martínez','Sánchez','María Elena','maria.martinez@email.com'),(3,'20230003','Rodríguez','Gómez','Luis Fernando','luis.rodriguez@email.com'),(4,'20230004','Hernández','Pérez','Ana María','ana.hernandez@email.com'),(5,'20230005','González','Ramírez','José Antonio','jose.gonzalez@email.com'),(6,'20230006','Fernández','Torres','Laura Isabel','laura.fernandez@email.com'),(7,'20230007','Díaz','Flores','Carlos Alberto','carlos.diaz@email.com'),(8,'20230008','Vázquez','Cruz','Patricia Guadalupe','patricia.vazquez@email.com'),(9,'20230009','Moreno','Ruiz','Miguel Ángel','miguel.moreno@email.com'),(10,'20230010','Álvarez','Mendoza','Sofía Alejandra','sofia.alvarez@email.com'),(11,'20230011','Jiménez','Ortega','David Alejandro','david.jimenez@email.com'),(12,'20230012','Castillo','Herrera','Gabriela Fernanda','gabriela.castillo@email.com'),(13,'20230013','Rivera','Vargas','Jorge Luis','jorge.rivera@email.com'),(14,'20230014','Romero','Medina','Claudia Beatriz','claudia.romero@email.com'),(15,'20230015','Soto','Reyes','Francisco Javier','francisco.soto@email.com'),(16,'20230016','Morales','Castro','Adriana Elizabeth','adriana.morales@email.com'),(17,'20230017','Ortega','Guerrero','Ricardo Manuel','ricardo.ortega@email.com'),(18,'20230018','Delgado','Juárez','Verónica Patricia','veronica.delgado@email.com'),(19,'20230019','Silva','Núñez','Roberto Carlos','roberto.silva@email.com'),(20,'20230020','Rojas','Salazar','Daniela Carolina','daniela.rojas@email.com'),(21,'20230021','Mendoza','Ortiz','Arturo Benjamín','arturo.mendoza@email.com'),(22,'20230022','Aguilar','Chávez','Lucía Margarita','lucia.aguilar@email.com'),(23,'20230023','Vega','Contreras','Oscar Eduardo','oscar.vega@email.com'),(24,'20230024','Cortés','Miranda','Silvia Patricia','silvia.cortes@email.com'),(25,'20230025','Navarro','Santos','Raúl Alejandro','raul.navarro@email.com'),(26,'20230026','Espinoza','Campos','María Fernanda','maria.espinoza@email.com'),(27,'20230027','León','Fuentes','Alberto Gerardo','alberto.leon@email.com'),(28,'20230028','Ríos','Méndez','Carmen Rosa','carmen.rios@email.com'),(29,'20230029','Valdez','Aguirre','Guillermo Antonio','guillermo.valdez@email.com'),(30,'20230030','Camacho','Rosas','Leticia Guadalupe','leticia.camacho@email.com'),(31,'20230031','Guerrero','Luna','Enrique Alfonso','enrique.guerrero@email.com'),(32,'20230032','Pacheco','Sosa','Alejandra Gabriela','alejandra.pacheco@email.com'),(33,'20230033','Acosta','Valencia','Felipe de Jesús','felipe.acosta@email.com'),(34,'20230034','Mejía','Ibarra','Rosa María','rosa.mejia@email.com'),(35,'20230035','Cárdenas','Pineda','Javier Ignacio','javier.cardenas@email.com'),(36,'20230036','Salinas','Vega','Norma Angélica','norma.salinas@email.com'),(37,'20230037','Villarreal','Cervantes','Héctor Manuel','hector.villarreal@email.com'),(38,'20230038','Zúñiga','Lara','Teresa Margarita','teresa.zuniga@email.com'),(39,'20230039','Peña','Orozco','Sergio Arturo','sergio.pena@email.com'),(40,'20230040','Arias','Maldoando','Beatriz Adriana','beatriz.arias@email.com'),(41,'20230041','Valenzuela','Rangel','Juan Pablo','juan.valenzuela@email.com'),(42,'20230042','Franco','Barrera','María de Lourdes','maria.franco@email.com'),(43,'20230043','Galván','Escobar','Eduardo Samuel','eduardo.galvan@email.com'),(44,'20230044','Serrano','Gallegos','Ana Laura','ana.serrano@email.com'),(45,'20230045','Barrera','Quintero','José Ramón','jose.barrera@email.com'),(46,'20230046','Maldonado','Zamora','Claudia Cecilia','claudia.maldonado@email.com'),(47,'20230047','Cervantes','Ochoa','Alfonso René','alfonso.cervantes@email.com'),(48,'20230048','Tapia','Palacios','Diana Berenice','diana.tapia@email.com'),(49,'20230049','Durán','Cabrera','Rodolfo Antonio','rodolfo.duran@email.com'),(50,'20230050','Rangel','Valdivia','María Guadalupe','maria.rangel@email.com'),(51,'20230051','Bautista','Andrade','Gerardo Francisco','gerardo.bautista@email.com'),(52,'20230052','Velázquez','Esquivel','Lourdes Elizabeth','lourdes.velazquez@email.com'),(53,'20230053','Cisneros','Rivas','Mario Alberto','mario.cisneros@email.com'),(54,'20230054','Trejo','Salinas','Laura Patricia','laura.trejo@email.com'),(55,'20230055','Galindo','Téllez','José Luis','jose.galindo@email.com'),(56,'20230056','Ponce','Bravo','Rosa Elena','rosa.ponce@email.com'),(57,'20230057','De la Cruz','Villanueva','Alfredo Javier','alfredo.delacruz@email.com'),(58,'20230058','Solís','Montes','Sara Isabel','sara.solis@email.com'),(59,'20230059','Lara','Castañeda','Jorge Armando','jorge.lara@email.com'),(60,'20230060','Juárez','Carrillo','María del Carmen','maria.juarez@email.com'),(61,'20230061','Miranda','Rocha','Fernando Arturo','fernando.miranda@email.com'),(62,'20230062','Santillán','Lozano','Adriana Marcela','adriana.santillan@email.com'),(63,'20230063','Rosales','Arenas','Roberto Andrés','roberto.rosales@email.com'),(64,'20230064','Márquez','Delgado','Ana Gabriela','ana.marquez@email.com'),(65,'20230065','Ochoa','Zavala','Luis Miguel','luis.ochoa@email.com'),(66,'20230066','Castañeda','Olvera','Patricia Alejandra','patricia.castaneda@email.com'),(67,'20230067','Nava','Pacheco','Ricardo Ernesto','ricardo.nava@email.com'),(68,'20230068','Padilla','Corona','María José','maria.padilla@email.com'),(69,'20230069','Cabrera','Montoya','Juan Manuel','juan.cabrera@email.com'),(70,'20230070','Rivas','Santiago','Guadalupe Margarita','guadalupe.rivas@email.com'),(71,'20230071','Salgado','Barajas','Francisco José','francisco.salgado@email.com'),(72,'20230072','Aguirre','Magaña','Laura Beatriz','laura.aguirre@email.com'),(73,'20230073','Vera','Colín','José Guadalupe','jose.vera@email.com'),(74,'20230074','Lozano','Camacho','María Teresa','maria.lozano@email.com'),(75,'20230075','Quiroz','Vázquez','Carlos Enrique','carlos.quiroz@email.com'),(76,'20230076','Osorio','Velasco','Silvia Elena','silvia.osorio@email.com'),(77,'20230077','Carmona','Arroyo','Jorge Octavio','jorge.carmona@email.com'),(78,'20230078','Reséndiz','Romo','Ana Patricia','ana.resendiz@email.com'),(79,'20230079','Vidal','Castaño','Luis Roberto','luis.vidal@email.com'),(80,'20230080','Magaña','Barragán','Gabriela Alejandra','gabriela.magana@email.com'),(81,'20230081','Zamora','Cordero','Juan Carlos','juan.zamora@email.com'),(82,'20230082','Figueroa','Ceballos','María de Jesús','maria.figueroa@email.com'),(83,'20230083','Corona','Saucedo','José Francisco','jose.corona@email.com'),(84,'20230084','Medina','Vallejo','Claudia Ivonne','claudia.medina@email.com'),(85,'20230085','Rosas','Cuevas','Alberto Gerardo','alberto.rosas@email.com'),(86,'20230086','Soria','Guevara','María del Rosario','maria.soria@email.com'),(87,'20230087','Enríquez','Arredondo','Javier Alejandro','javier.enriquez@email.com'),(88,'20230088','Beltrán','Carrasco','Patricia Berenice','patricia.beltran@email.com'),(89,'20230089','Montes','Rentería','Ricardo Alonso','ricardo.montes@email.com'),(90,'20230090','Palacios','Zamudio','Ana Lilia','ana.palacios@email.com'),(91,'20230091','Cuevas','Mireles','Luis Felipe','luis.cuevas@email.com'),(92,'20230092','Rentería','Tovar','María Concepción','maria.renteria@email.com'),(93,'20230093','Arroyo','Nieto','José Roberto','jose.arroyo@email.com'),(94,'20230094','Del Río','Segura','Laura Adriana','laura.delrio@email.com'),(95,'20230095','Segovia','Munguía','Francisco Javier','francisco.segovia@email.com'),(96,'20230096','Mireles','Fierro','Ana María','ana.mireles@email.com'),(97,'20230097','Fonseca','Reynoso','Juan Antonio','juan.fonseca@email.com'),(98,'20230098','Reynoso','Granados','María Elena','maria.reynoso@email.com'),(99,'20230099','Granados','Olivares','Luis Gerardo','luis.granados@email.com'),(100,'20230100','Olivares','Fonseca','Patricia Guadalupe','patricia.olivares@email.com');
/*!40000 ALTER TABLE `alumno` ENABLE KEYS */;
UNLOCK TABLES;

--
-- Table structure for table `alumnocurso`
--

DROP TABLE IF EXISTS `alumnocurso`;
/*!40101 SET @saved_cs_client     = @@character_set_client */;
/*!50503 SET character_set_client = utf8mb4 */;
CREATE TABLE `alumnocurso` (
  `idAlumnoCurso` int NOT NULL,
  `calificacion` float NOT NULL,
  `idCurso` int NOT NULL,
  `idAlumno` int NOT NULL,
  PRIMARY KEY (`idAlumnoCurso`),
  KEY `idCurso` (`idCurso`),
  KEY `idAlumno` (`idAlumno`),
  CONSTRAINT `alumnocurso_ibfk_1` FOREIGN KEY (`idCurso`) REFERENCES `curso` (`idCurso`),
  CONSTRAINT `alumnocurso_ibfk_2` FOREIGN KEY (`idAlumno`) REFERENCES `alumno` (`idAlumno`)
) ENGINE=InnoDB DEFAULT CHARSET=utf8mb4 COLLATE=utf8mb4_0900_ai_ci;
/*!40101 SET character_set_client = @saved_cs_client */;

--
-- Dumping data for table `alumnocurso`
--

LOCK TABLES `alumnocurso` WRITE;
/*!40000 ALTER TABLE `alumnocurso` DISABLE KEYS */;
INSERT INTO `alumnocurso` VALUES (1,8.5,1,1),(2,9,1,2),(3,7.8,1,3),(4,8.2,2,4),(5,9.5,2,5),(6,8.7,3,6),(7,9.1,3,7),(8,8,4,8),(9,8.9,4,9),(10,9.2,5,10),(11,8.3,5,11),(12,7.9,6,12),(13,8.6,6,13),(14,9.3,7,14),(15,8.4,7,15),(16,7.7,8,16),(17,8.8,8,17),(18,9.4,9,18),(19,8.1,9,19),(20,7.6,10,20),(21,8.7,11,21),(22,9,11,22),(23,8.2,12,23),(24,9.1,12,24),(25,7.9,13,25),(26,8.5,13,26),(27,9.3,14,27),(28,8,14,28),(29,8.8,15,29),(30,9.2,15,30),(31,7.8,16,31),(32,8.6,16,32),(33,9.4,17,33),(34,8.3,17,34),(35,7.7,18,35),(36,8.9,18,36),(37,9.1,19,37),(38,8.4,19,38),(39,7.6,20,39),(40,8.7,20,40),(41,9,21,41),(42,8.2,21,42),(43,7.9,22,43),(44,8.5,22,44),(45,9.3,23,45),(46,8.1,23,46),(47,7.8,24,47),(48,8.6,24,48),(49,9.4,25,49),(50,8.3,25,50),(51,7.7,26,51),(52,8.9,26,52),(53,9.1,27,53),(54,8.4,27,54),(55,7.6,28,55),(56,8.7,28,56),(57,9,29,57),(58,8.2,29,58),(59,7.9,30,59),(60,8.5,30,60),(61,9.3,31,61),(62,8.1,31,62),(63,7.8,32,63),(64,8.6,32,64),(65,9.4,33,65),(66,8.3,33,66),(67,7.7,34,67),(68,8.9,34,68),(69,9.1,35,69),(70,8.4,35,70),(71,7.6,36,71),(72,8.7,36,72),(73,9,37,73),(74,8.2,37,74),(75,7.9,38,75),(76,8.5,38,76),(77,9.3,39,77),(78,8.1,39,78),(79,7.8,40,79),(80,8.6,40,80),(81,9.4,41,81),(82,8.3,41,82),(83,7.7,42,83),(84,8.9,42,84),(85,9.1,43,85),(86,8.4,43,86),(87,7.6,44,87),(88,8.7,44,88),(89,9,45,89),(90,8.2,45,90),(91,7.9,46,91),(92,8.5,46,92),(93,9.3,47,93),(94,8.1,47,94),(95,7.8,48,95),(96,8.6,48,96),(97,9.4,49,97),(98,8.3,49,98),(99,7.7,50,99),(100,8.9,50,100);
/*!40000 ALTER TABLE `alumnocurso` ENABLE KEYS */;
UNLOCK TABLES;

--
-- Table structure for table `asignatura`
--

DROP TABLE IF EXISTS `asignatura`;
/*!40101 SET @saved_cs_client     = @@character_set_client */;
/*!50503 SET character_set_client = utf8mb4 */;
CREATE TABLE `asignatura` (
  `idAsignatura` int NOT NULL,
  `semestre` int NOT NULL,
  `nombre` varchar(120) NOT NULL,
  `idPrograma` int NOT NULL,
  PRIMARY KEY (`idAsignatura`),
  KEY `idPrograma` (`idPrograma`),
  CONSTRAINT `asignatura_ibfk_1` FOREIGN KEY (`idPrograma`) REFERENCES `programa` (`idPrograma`)
) ENGINE=InnoDB DEFAULT CHARSET=utf8mb4 COLLATE=utf8mb4_0900_ai_ci;
/*!40101 SET character_set_client = @saved_cs_client */;

--
-- Dumping data for table `asignatura`
--

LOCK TABLES `asignatura` WRITE;
/*!40000 ALTER TABLE `asignatura` DISABLE KEYS */;
INSERT INTO `asignatura` VALUES (1,1,'Introducción a la Programación',1),(2,2,'Estructuras de Datos',1),(3,3,'Algoritmos y Complejidad',1),(4,4,'Bases de Datos',1),(5,5,'Sistemas Operativos',1),(6,6,'Redes de Computadoras',1),(7,7,'Inteligencia Artificial',1),(8,8,'Proyecto de Titulación',1),(9,1,'Fundamentos de Computación',2),(10,2,'Programación Avanzada',2),(11,3,'Machine Learning',2),(12,4,'Visión por Computadora',2),(13,5,'Procesamiento de Lenguaje Natural',2),(14,6,'Robótica',2),(15,7,'Computación Cuántica',2),(16,8,'Tesis de Maestría',2),(17,1,'Investigación en TI',3),(18,2,'Seminario de Doctorado',3),(19,3,'Tópicos Avanzados en IA',3),(20,4,'Publicación Científica',3),(21,5,'Innovación Tecnológica',3),(22,6,'Ética en la Computación',3),(23,7,'Gestión de Proyectos de Investigación',3),(24,8,'Tesis Doctoral',3),(25,1,'Principios de Administración',4),(26,2,'Contabilidad Financiera',4),(27,3,'Marketing',4),(28,4,'Recursos Humanos',4),(29,5,'Finanzas Corporativas',4),(30,6,'Estrategia Empresarial',4),(31,7,'Emprendimiento',4),(32,8,'Proyecto Integrador',4),(33,1,'Teoría Política',5),(34,2,'Administración Pública',5),(35,3,'Políticas Públicas',5),(36,4,'Gobierno Digital',5),(37,5,'Evaluación de Programas',5),(38,6,'Ética Gubernamental',5),(39,7,'Gestión del Cambio',5),(40,8,'Proyecto de Investigación',5),(41,1,'Metodología de la Investigación',6),(42,2,'Estadística Avanzada',6),(43,3,'Modelos Cuantitativos',6),(44,4,'Toma de Decisiones',6),(45,5,'Sistemas de Información Gerencial',6),(46,6,'Innovación Organizacional',6),(47,7,'Liderazgo Estratégico',6),(48,8,'Tesis Doctoral',6),(49,1,'Introducción al Derecho',7),(50,2,'Derecho Civil',7),(51,3,'Derecho Penal',7),(52,4,'Derecho Constitucional',7),(53,5,'Derecho Administrativo',7),(54,6,'Derecho Internacional',7),(55,7,'Litigación',7),(56,8,'Práctica Jurídica',7),(57,1,'Teoría del Delito',8),(58,2,'Derecho Procesal Penal',8),(59,3,'Criminología',8),(60,4,'Medicina Legal',8),(61,5,'Técnicas de Investigación',8),(62,6,'Sistemas Penitenciarios',8),(63,7,'Delincuencia Organizada',8),(64,8,'Seminario de Investigación',8),(65,1,'Historia del Derecho',9),(66,2,'Filosofía Jurídica',9),(67,3,'Metodología de la Investigación',9),(68,4,'Teorías de la Justicia',9),(69,5,'Derecho y Sociedad',9),(70,6,'Seminario de Tesis',9),(71,7,'Publicación Académica',9),(72,8,'Defensa Doctoral',9),(73,1,'Introducción a la Psicología',10),(74,2,'Desarrollo Humano',10),(75,3,'Psicología Social',10),(76,4,'Psicopatología',10),(77,5,'Evaluación Psicológica',10),(78,6,'Intervención Psicológica',10),(79,7,'Ética Profesional',10),(80,8,'Práctica Profesional',10),(81,1,'Fundamentos de Ingeniería Civil',11),(82,2,'Topografía',11),(83,3,'Mecánica de Materiales',11),(84,4,'Estructuras',11),(85,5,'Hidráulica',11),(86,6,'Construcción',11),(87,7,'Gestión de Proyectos',11),(88,8,'Proyecto Final',11),(89,1,'Teoría Estructural Avanzada',12),(90,2,'Dinámica Estructural',12),(91,3,'Diseño Sísmico',12),(92,4,'Materiales Compuestos',12),(93,5,'Modelación Computacional',12),(94,6,'Seminario de Investigación',12),(95,7,'Publicación Científica',12),(96,8,'Tesis de Maestría',12),(97,1,'Métodos de Investigación',13),(98,2,'Tópicos en Ingeniería Civil',13),(99,3,'Análisis Avanzado',13),(100,4,'Innovación en Construcción',13);
/*!40000 ALTER TABLE `asignatura` ENABLE KEYS */;
UNLOCK TABLES;

--
-- Table structure for table `cuerpoacademico`
--

DROP TABLE IF EXISTS `cuerpoacademico`;
/*!40101 SET @saved_cs_client     = @@character_set_client */;
/*!50503 SET character_set_client = utf8mb4 */;
CREATE TABLE `cuerpoacademico` (
  `idCuerpo` int NOT NULL,
  `nombre` varchar(250) NOT NULL,
  `idIntegrante` int NOT NULL,
  PRIMARY KEY (`idCuerpo`),
  KEY `idIntegrante` (`idIntegrante`),
  CONSTRAINT `cuerpoacademico_ibfk_1` FOREIGN KEY (`idIntegrante`) REFERENCES `integrante` (`idIntegrante`)
) ENGINE=InnoDB DEFAULT CHARSET=utf8mb4 COLLATE=utf8mb4_0900_ai_ci;
/*!40101 SET character_set_client = @saved_cs_client */;

--
-- Dumping data for table `cuerpoacademico`
--

LOCK TABLES `cuerpoacademico` WRITE;
/*!40000 ALTER TABLE `cuerpoacademico` DISABLE KEYS */;
INSERT INTO `cuerpoacademico` VALUES (1,'Ciencias Computacionales Avanzadas',1),(2,'Tecnologías de la Información y Comunicación',2),(3,'Inteligencia Artificial y Robótica',3),(4,'Sistemas Distribuidos y Cloud Computing',4),(5,'Seguridad Informática y Criptografía',5),(6,'Ingeniería de Software',6),(7,'Bases de Datos y Minería de Datos',7),(8,'Redes y Telecomunicaciones',8),(9,'Computación Cuántica',9),(10,'Realidad Virtual y Aumentada',10),(11,'Bioinformática y Computación Científica',11),(12,'Sistemas Embebidos e IoT',12),(13,'Gráficos por Computadora y Visión Artificial',13),(14,'Procesamiento de Lenguaje Natural',14),(15,'Computación Educativa',15),(16,'Sistemas Inteligentes',16),(17,'Computación Móvil',17),(18,'Arquitectura de Computadoras',18),(19,'Sistemas Operativos',19),(20,'Interacción Humano-Computadora',20),(21,'Ingeniería de Requerimientos',21),(22,'Pruebas de Software',22),(23,'Calidad de Software',23),(24,'Arquitectura de Software',24),(25,'Patrones de Diseño',25),(26,'Desarrollo Ágil',26),(27,'DevOps y CI/CD',27),(28,'Microservicios',28),(29,'Blockchain y Tecnologías Distribuidas',29),(30,'Computación en la Nube',30),(31,'Big Data y Analytics',31),(32,'Machine Learning Avanzado',32),(33,'Deep Learning',33),(34,'Redes Neuronales',34),(35,'Visión por Computadora',35),(36,'Procesamiento de Señales',36),(37,'Computación Paralela',37),(38,'Algoritmos Genéticos',38),(39,'Sistemas Expertos',39),(40,'Lógica Difusa',40),(41,'Computación Evolutiva',41),(42,'Sistemas Multiagente',42),(43,'Robótica Autónoma',43),(44,'Drones y Sistemas Autónomos',44),(45,'Realidad Mixta',45),(46,'Interfaces Cerebro-Computadora',46),(47,'Computación Vestible',47),(48,'Internet del Futuro',48),(49,'5G y Redes de Nueva Generación',49),(50,'Ciberseguridad Avanzada',50),(51,'Ética en la Computación',51),(52,'Computación Sostenible',52),(53,'Computación Cuántica Aplicada',53),(54,'Óptica Cuántica',54),(55,'Física Computacional',55),(56,'Química Computacional',56),(57,'Biología Computacional',57),(58,'Medicina Computacional',58),(59,'Nanocomputación',59),(60,'Computación Molecular',60),(61,'Computación Neuromórfica',61),(62,'Memristores y Computación',62),(63,'Computación Reconfigurable',63),(64,'Computación Autónoma',64),(65,'Sistemas Autoadaptativos',65),(66,'Computación Cognitiva',66),(67,'Computación Afectiva',67),(68,'Interacción Multimodal',68),(69,'Visualización de Datos',69),(70,'Analítica Visual',70),(71,'Computación en Tiempo Real',71),(72,'Sistemas Críticos',72),(73,'Computación de Alto Rendimiento',73),(74,'Supercomputación',74),(75,'Grid Computing',75),(76,'Computación Ubicua',76),(77,'Computación Pervasiva',77),(78,'Computación Social',78),(79,'Web Semántica',79),(80,'Linked Data',80),(81,'Ontologías',81),(82,'Computación Basada en Conocimiento',82),(83,'Sistemas Recomendadores',83),(84,'Minería de Procesos',84),(85,'Minería de Texto',85),(86,'Minería de Imágenes',86),(87,'Minería de Redes Sociales',87),(88,'Analítica Predictiva',88),(89,'Analítica Prescriptiva',89),(90,'Analítica Descriptiva',90),(91,'Analítica Diagnóstica',91),(92,'Computación en Salud',92),(93,'Telemedicina',93),(94,'Salud Digital',94),(95,'Computación Financiera',95),(96,'FinTech',96),(97,'RegTech',97),(98,'LegalTech',98),(99,'EdTech',99),(100,'Computación Educativa Avanzada',100);
/*!40000 ALTER TABLE `cuerpoacademico` ENABLE KEYS */;
UNLOCK TABLES;

--
-- Table structure for table `curso`
--

DROP TABLE IF EXISTS `curso`;
/*!40101 SET @saved_cs_client     = @@character_set_client */;
/*!50503 SET character_set_client = utf8mb4 */;
CREATE TABLE `curso` (
  `idCurso` int NOT NULL,
  `periodo` varchar(15) NOT NULL,
  `anio` int NOT NULL,
  `grupo` int NOT NULL,
  `idProfesor` int NOT NULL,
  `idAsignatura` int NOT NULL,
  PRIMARY KEY (`idCurso`),
  KEY `idProfesor` (`idProfesor`),
  KEY `idAsignatura` (`idAsignatura`),
  CONSTRAINT `curso_ibfk_1` FOREIGN KEY (`idProfesor`) REFERENCES `profesor` (`idProfesor`),
  CONSTRAINT `curso_ibfk_2` FOREIGN KEY (`idAsignatura`) REFERENCES `asignatura` (`idAsignatura`)
) ENGINE=InnoDB DEFAULT CHARSET=utf8mb4 COLLATE=utf8mb4_0900_ai_ci;
/*!40101 SET character_set_client = @saved_cs_client */;

--
-- Dumping data for table `curso`
--

LOCK TABLES `curso` WRITE;
/*!40000 ALTER TABLE `curso` DISABLE KEYS */;
INSERT INTO `curso` VALUES (1,'Primavera',2023,1,1,1),(2,'Primavera',2023,2,2,1),(3,'Primavera',2023,1,3,2),(4,'Primavera',2023,1,4,3),(5,'Primavera',2023,2,5,3),(6,'Primavera',2023,1,6,4),(7,'Primavera',2023,1,7,5),(8,'Primavera',2023,1,8,6),(9,'Primavera',2023,1,9,7),(10,'Primavera',2023,1,10,8),(11,'Otoño',2023,1,11,9),(12,'Otoño',2023,2,12,9),(13,'Otoño',2023,1,13,10),(14,'Otoño',2023,1,14,11),(15,'Otoño',2023,2,15,11),(16,'Otoño',2023,1,16,12),(17,'Otoño',2023,1,17,13),(18,'Otoño',2023,1,18,14),(19,'Otoño',2023,1,19,15),(20,'Otoño',2023,1,20,16),(21,'Primavera',2024,1,21,17),(22,'Primavera',2024,2,22,17),(23,'Primavera',2024,1,23,18),(24,'Primavera',2024,1,24,19),(25,'Primavera',2024,2,25,19),(26,'Primavera',2024,1,26,20),(27,'Primavera',2024,1,27,21),(28,'Primavera',2024,1,28,22),(29,'Primavera',2024,1,29,23),(30,'Primavera',2024,1,30,24),(31,'Otoño',2024,1,31,25),(32,'Otoño',2024,2,32,25),(33,'Otoño',2024,1,33,26),(34,'Otoño',2024,1,34,27),(35,'Otoño',2024,2,35,27),(36,'Otoño',2024,1,36,28),(37,'Otoño',2024,1,37,29),(38,'Otoño',2024,1,38,30),(39,'Otoño',2024,1,39,31),(40,'Otoño',2024,1,40,32),(41,'Primavera',2025,1,41,33),(42,'Primavera',2025,2,42,33),(43,'Primavera',2025,1,43,34),(44,'Primavera',2025,1,44,35),(45,'Primavera',2025,2,45,35),(46,'Primavera',2025,1,46,36),(47,'Primavera',2025,1,47,37),(48,'Primavera',2025,1,48,38),(49,'Primavera',2025,1,49,39),(50,'Primavera',2025,1,50,40),(51,'Otoño',2025,1,51,41),(52,'Otoño',2025,2,52,41),(53,'Otoño',2025,1,53,42),(54,'Otoño',2025,1,54,43),(55,'Otoño',2025,2,55,43),(56,'Otoño',2025,1,56,44),(57,'Otoño',2025,1,57,45),(58,'Otoño',2025,1,58,46),(59,'Otoño',2025,1,59,47),(60,'Otoño',2025,1,60,48),(61,'Primavera',2026,1,61,49),(62,'Primavera',2026,2,62,49),(63,'Primavera',2026,1,63,50),(64,'Primavera',2026,1,64,51),(65,'Primavera',2026,2,65,51),(66,'Primavera',2026,1,66,52),(67,'Primavera',2026,1,67,53),(68,'Primavera',2026,1,68,54),(69,'Primavera',2026,1,69,55),(70,'Primavera',2026,1,70,56),(71,'Otoño',2026,1,71,57),(72,'Otoño',2026,2,72,57),(73,'Otoño',2026,1,73,58),(74,'Otoño',2026,1,74,59),(75,'Otoño',2026,2,75,59),(76,'Otoño',2026,1,76,60),(77,'Otoño',2026,1,77,61),(78,'Otoño',2026,1,78,62),(79,'Otoño',2026,1,79,63),(80,'Otoño',2026,1,80,64),(81,'Primavera',2027,1,81,65),(82,'Primavera',2027,2,82,65),(83,'Primavera',2027,1,83,66),(84,'Primavera',2027,1,84,67),(85,'Primavera',2027,2,85,67),(86,'Primavera',2027,1,86,68),(87,'Primavera',2027,1,87,69),(88,'Primavera',2027,1,88,70),(89,'Primavera',2027,1,89,71),(90,'Primavera',2027,1,90,72),(91,'Otoño',2027,1,91,73),(92,'Otoño',2027,2,92,73),(93,'Otoño',2027,1,93,74),(94,'Otoño',2027,1,94,75),(95,'Otoño',2027,2,95,75),(96,'Otoño',2027,1,96,76),(97,'Otoño',2027,1,97,77),(98,'Otoño',2027,1,98,78),(99,'Otoño',2027,1,99,79),(100,'Otoño',2027,1,100,80);
/*!40000 ALTER TABLE `curso` ENABLE KEYS */;
UNLOCK TABLES;

--
-- Table structure for table `formacion`
--

DROP TABLE IF EXISTS `formacion`;
/*!40101 SET @saved_cs_client     = @@character_set_client */;
/*!50503 SET character_set_client = utf8mb4 */;
CREATE TABLE `formacion` (
  `idFormacion` int NOT NULL,
  `grado` varchar(18) NOT NULL,
  `institucion` varchar(70) NOT NULL,
  `nombre` varchar(120) NOT NULL,
  `fechatermino` date NOT NULL,
  `idInvestigador` int NOT NULL,
  PRIMARY KEY (`idFormacion`),
  KEY `idInvestigador` (`idInvestigador`),
  CONSTRAINT `formacion_ibfk_1` FOREIGN KEY (`idInvestigador`) REFERENCES `investigador` (`idInvestigador`)
) ENGINE=InnoDB DEFAULT CHARSET=utf8mb4 COLLATE=utf8mb4_0900_ai_ci;
/*!40101 SET character_set_client = @saved_cs_client */;

--
-- Dumping data for table `formacion`
--

LOCK TABLES `formacion` WRITE;
/*!40000 ALTER TABLE `formacion` DISABLE KEYS */;
INSERT INTO `formacion` VALUES (1,'Doctorado','Universidad Nacional','Ciencias de la Computación','2010-06-15',1),(2,'Maestría','Instituto Tecnológico','Inteligencia Artificial','2012-05-20',2),(3,'Doctorado','Universidad Politécnica','Tecnologías Blockchain','2014-07-10',3),(4,'Maestría','Universidad de Ciencias','Realidad Virtual','2011-08-20',4),(5,'Doctorado','Instituto de Salud','Epidemiología Computacional','2009-09-15',5),(6,'Maestría','Universidad Tecnológica','Robótica Industrial','2013-10-12',6),(7,'Doctorado','Centro de Investigación','Criptografía Cuántica','2015-11-10',7),(8,'Maestría','Universidad Pedagógica','Tecnologías Educativas','2012-12-16',8),(9,'Doctorado','Instituto de Ciencias Sociales','Análisis de Datos','2010-01-20',9),(10,'Maestría','Universidad de Informática','Sistemas de Recomendación','2013-02-15',10),(11,'Doctorado','Facultad de Medicina','Bioinformática','2011-03-18',11),(12,'Maestría','Escuela de Urbanismo','Tecnologías Urbanas','2014-04-22',12),(13,'Doctorado','Instituto Energético','Sistemas Renovables','2008-05-25',13),(14,'Maestría','Universidad Médica','Telemedicina','2012-06-30',14),(15,'Doctorado','Centro de Nanotecnología','Nanomateriales','2010-07-15',15),(16,'Maestría','Facultad de Biología','Biotecnología Ambiental','2013-08-20',16),(17,'Doctorado','Instituto Meteorológico','Modelado Climático','2009-09-10',17),(18,'Maestría','Universidad Industrial','Sistemas Expertos','2011-10-05',18),(19,'Doctorado','Escuela de Diseño','Interfaces Inmersivas','2014-11-12',19),(20,'Maestría','Facultad de Logística','Optimización de Sistemas','2012-12-18',20),(21,'Doctorado','Instituto de Neurotecnología','Interfaces Neurales','2010-01-22',21),(22,'Maestría','Universidad Tecnológica','IoT Industrial','2013-02-15',22),(23,'Doctorado','Facultad de Medicina','Diagnóstico por Imagen','2011-03-20',23),(24,'Maestría','Escuela de Gobierno','Gobierno Digital','2014-04-25',24),(25,'Doctorado','Instituto de Biología','Modelado Molecular','2009-05-30',25),(26,'Maestría','Facultad de Ecología','Monitoreo Ambiental','2012-06-10',26),(27,'Doctorado','Centro de Física','Computación Cuántica','2010-07-12',27),(28,'Maestría','Universidad Educativa','Tecnologías del Aprendizaje','2013-08-15',28),(29,'Doctorado','Instituto Financiero','Tecnologías Financieras','2011-09-18',29),(30,'Maestría','Facultad de Agronomía','Agricultura Tecnológica','2014-10-22',30),(31,'Doctorado','Centro Médico','Diagnóstico Automatizado','2012-11-25',31),(32,'Maestría','Escuela de Finanzas','Modelado Financiero','2015-12-30',32),(33,'Doctorado','Instituto de Rehabilitación','Robótica Médica','2013-01-15',33),(34,'Maestría','Universidad de Seguridad','Ciberseguridad','2016-02-20',34),(35,'Doctorado','Facultad de Salud Pública','Epidemiología Digital','2014-03-10',35),(36,'Maestría','Instituto Oceanográfico','Robótica Submarina','2017-04-15',36),(37,'Doctorado','Universidad Pedagógica','Tecnología Educativa','2015-05-20',37),(38,'Maestría','Escuela de Negocios','Blockchain en Logística','2018-06-25',38),(39,'Doctorado','Facultad de Arquitectura','Diseño Digital','2016-07-30',39),(40,'Maestría','Instituto de Telecomunicaciones','Redes Avanzadas','2019-08-10',40),(41,'Doctorado','Centro de Neurociencias','Diagnóstico Automatizado','2017-09-15',41),(42,'Maestría','Universidad de Turismo','Sistemas de Recomendación','2020-10-20',42),(43,'Doctorado','Facultad de Química','Nanotecnología','2018-11-25',43),(44,'Maestría','Escuela de Deportes','Analítica Deportiva','2021-12-30',44),(45,'Doctorado','Instituto de Materiales','Simulación Cuántica','2019-01-15',45),(46,'Maestría','Universidad Gerontológica','Tecnologías Asistivas','2022-02-20',46),(47,'Doctorado','Facultad de Seguridad','Detección de Fraude','2020-03-10',47),(48,'Maestría','Instituto de Transporte','Modelado de Tráfico','2023-04-15',48),(49,'Doctorado','Escuela de Arte','Tecnologías Culturales','2021-05-20',49),(50,'Maestría','Universidad Cuántica','Algoritmos Cuánticos','2024-06-25',50),(51,'Doctorado','Facultad de Cardiología','Diagnóstico Cardiovascular','2022-07-30',51),(52,'Maestría','Instituto Financiero','Trading Algorítmico','2025-08-10',52),(53,'Doctorado','Escuela de Medicina','Robótica Quirúrgica','2023-09-15',53),(54,'Maestría','Universidad Virtual','Educación en Línea','2026-10-20',54),(55,'Doctorado','Facultad de Ciencias Marinas','Modelado Marino','2024-11-25',55),(56,'Maestría','Instituto Agrícola','Tecnología Agrícola','2027-12-30',56),(57,'Doctorado','Centro de Neurocomputación','Arquitecturas Cognitivas','2025-01-15',57),(58,'Maestría','Universidad Industrial','Entrenamiento Virtual','2028-02-20',58),(59,'Doctorado','Facultad de Derecho','Tecnologías Legales','2026-03-10',59),(60,'Maestría','Escuela de Música','Sistemas de Recomendación','2029-04-15',60),(61,'Doctorado','Instituto Neurológico','Diagnóstico con Wearables','2027-05-20',61),(62,'Maestría','Universidad Económica','Modelado Económico','2030-06-25',62),(63,'Doctorado','Facultad Espacial','Robótica Planetaria','2028-07-30',63),(64,'Maestría','Instituto Psiquiátrico','Telepsiquiatría','2031-08-10',64),(65,'Doctorado','Centro Virológico','Modelado Viral','2029-09-15',65),(66,'Maestría','Universidad Ambiental','Detección de Incendios','2032-10-20',66),(67,'Doctorado','Facultad de Química','Computación Cuántica','2030-11-25',67),(68,'Maestría','Escuela de Comercio','Realidad Aumentada','2033-12-30',68),(69,'Doctorado','Instituto de IA','Algoritmos de Aprendizaje','2031-01-15',69),(70,'Maestría','Universidad Agrotecnológica','Diagnóstico Agrícola','2034-02-20',70),(71,'Doctorado','Facultad de Oncología','Nanotecnología Médica','2032-03-10',71),(72,'Maestría','Instituto de Salud Global','Modelado de Pandemias','2035-04-15',72),(73,'Doctorado','Escuela de Neurología','Rehabilitación Robótica','2033-05-20',73),(74,'Maestría','Universidad Digital','Identidad Digital','2036-06-25',74),(75,'Doctorado','Facultad de Materiales','Simulación Avanzada','2034-07-30',75),(76,'Maestría','Instituto Financiero','Detección de Fraude','2037-08-10',76),(77,'Doctorado','Centro Logístico','Computación Cuántica','2035-09-15',77),(78,'Maestría','Universidad Psicológica','Terapias Virtuales','2038-10-20',78),(79,'Doctorado','Facultad Política','Votación Electrónica','2036-11-25',79),(80,'Maestría','Escuela de Literatura','Sistemas de Recomendación','2039-12-30',80),(81,'Doctorado','Instituto Neurodegenerativo','Diagnóstico con Wearables','2037-01-15',81),(82,'Maestría','Universidad de Sistemas','Modelado Económico','2040-02-20',82),(83,'Doctorado','Facultad de Emergencias','Robótica de Rescate','2038-03-10',83),(84,'Maestría','Instituto Pediátrico','Telemedicina Pediátrica','2041-04-15',84),(85,'Doctorado','Centro Farmacéutico','IA en Farmacología','2039-05-20',85),(86,'Maestría','Universidad Ambiental','Monitoreo Acústico','2042-06-25',86),(87,'Doctorado','Facultad de Machine Learning','Algoritmos Cuánticos','2040-07-30',87),(88,'Maestría','Escuela Primaria Digital','Realidad Aumentada','2043-08-10',88),(89,'Doctorado','Instituto Financiero','Algoritmos Criptográficos','2041-09-15',89),(90,'Maestría','Universidad Automotriz','Diagnóstico Automotriz','2044-10-20',90),(91,'Doctorado','Facultad de Energía','Nanotecnología Solar','2042-11-25',91),(92,'Maestría','Instituto Inmunológico','Modelado Inmunológico','2045-12-30',92),(93,'Doctorado','Escuela Agrícola','Robótica Agrícola','2043-01-15',93),(94,'Maestría','Universidad de Salud Mental','Plataformas Digitales','2046-02-20',94),(95,'Doctorado','Facultad Urbana','Simulación de Ecosistemas','2044-03-10',95),(96,'Maestría','Instituto de Ciberseguridad','Detección de Malware','2047-04-15',96),(97,'Doctorado','Centro Financiero','Computación Cuántica','2045-05-20',97),(98,'Maestría','Universidad de Diseño','Realidad Virtual','2048-06-25',98),(99,'Doctorado','Facultad Médica','Blockchain en Salud','2046-07-30',99),(100,'Maestría','Escuela de Cine','Sistemas de Recomendación','2049-08-10',100);
/*!40000 ALTER TABLE `formacion` ENABLE KEYS */;
UNLOCK TABLES;

--
-- Table structure for table `integrante`
--

DROP TABLE IF EXISTS `integrante`;
/*!40101 SET @saved_cs_client     = @@character_set_client */;
/*!50503 SET character_set_client = utf8mb4 */;
CREATE TABLE `integrante` (
  `idIntegrante` int NOT NULL,
  `idPersona` int NOT NULL,
  PRIMARY KEY (`idIntegrante`),
  KEY `idPersona` (`idPersona`),
  CONSTRAINT `integrante_ibfk_1` FOREIGN KEY (`idPersona`) REFERENCES `persona` (`idPersona`)
) ENGINE=InnoDB DEFAULT CHARSET=utf8mb4 COLLATE=utf8mb4_0900_ai_ci;
/*!40101 SET character_set_client = @saved_cs_client */;

--
-- Dumping data for table `integrante`
--

LOCK TABLES `integrante` WRITE;
/*!40000 ALTER TABLE `integrante` DISABLE KEYS */;
INSERT INTO `integrante` VALUES (1,1),(2,2),(3,3),(4,4),(5,5),(6,6),(7,7),(8,8),(9,9),(10,10),(11,11),(12,12),(13,13),(14,14),(15,15),(16,16),(17,17),(18,18),(19,19),(20,20),(21,21),(22,22),(23,23),(24,24),(25,25),(26,26),(27,27),(28,28),(29,29),(30,30),(31,31),(32,32),(33,33),(34,34),(35,35),(36,36),(37,37),(38,38),(39,39),(40,40),(41,41),(42,42),(43,43),(44,44),(45,45),(46,46),(47,47),(48,48),(49,49),(50,50),(51,51),(52,52),(53,53),(54,54),(55,55),(56,56),(57,57),(58,58),(59,59),(60,60),(61,61),(62,62),(63,63),(64,64),(65,65),(66,66),(67,67),(68,68),(69,69),(70,70),(71,71),(72,72),(73,73),(74,74),(75,75),(76,76),(77,77),(78,78),(79,79),(80,80),(81,81),(82,82),(83,83),(84,84),(85,85),(86,86),(87,87),(88,88),(89,89),(90,90),(91,91),(92,92),(93,93),(94,94),(95,95),(96,96),(97,97),(98,98),(99,99),(100,100);
/*!40000 ALTER TABLE `integrante` ENABLE KEYS */;
UNLOCK TABLES;

--
-- Table structure for table `integrantelinea`
--

DROP TABLE IF EXISTS `integrantelinea`;
/*!40101 SET @saved_cs_client     = @@character_set_client */;
/*!50503 SET character_set_client = utf8mb4 */;
CREATE TABLE `integrantelinea` (
  `idIntegranteLinea` int NOT NULL,
  `vigente` tinyint(1) NOT NULL,
  `inicio` date NOT NULL,
  `termino` date NOT NULL,
  `idLinea` int NOT NULL,
  `idIntegrante` int NOT NULL,
  PRIMARY KEY (`idIntegranteLinea`),
  KEY `idLinea` (`idLinea`),
  KEY `idIntegrante` (`idIntegrante`),
  CONSTRAINT `integrantelinea_ibfk_1` FOREIGN KEY (`idLinea`) REFERENCES `linea` (`idLinea`),
  CONSTRAINT `integrantelinea_ibfk_2` FOREIGN KEY (`idIntegrante`) REFERENCES `integrante` (`idIntegrante`)
) ENGINE=InnoDB DEFAULT CHARSET=utf8mb4 COLLATE=utf8mb4_0900_ai_ci;
/*!40101 SET character_set_client = @saved_cs_client */;

--
-- Dumping data for table `integrantelinea`
--

LOCK TABLES `integrantelinea` WRITE;
/*!40000 ALTER TABLE `integrantelinea` DISABLE KEYS */;
INSERT INTO `integrantelinea` VALUES (1,1,'2018-01-15','2023-12-31',1,1),(2,1,'2019-03-20','2024-06-30',2,2),(3,1,'2020-05-10','2025-05-10',3,3),(4,0,'2017-08-15','2022-08-15',4,4),(5,1,'2019-10-20','2024-10-20',5,5),(6,1,'2021-02-15','2026-02-15',6,6),(7,0,'2018-04-10','2023-04-10',7,7),(8,1,'2020-06-25','2025-06-25',8,8),(9,1,'2019-09-30','2024-09-30',9,9),(10,1,'2021-01-05','2026-01-05',10,10),(11,1,'2018-03-15','2023-03-15',11,11),(12,0,'2019-05-20','2024-05-20',12,12),(13,1,'2020-07-10','2025-07-10',13,13),(14,1,'2018-10-15','2023-10-15',14,14),(15,1,'2020-12-20','2025-12-20',15,15),(16,0,'2019-02-25','2024-02-25',16,16),(17,1,'2021-04-30','2026-04-30',17,17),(18,1,'2018-06-05','2023-06-05',18,18),(19,1,'2020-08-10','2025-08-10',19,19),(20,0,'2019-10-15','2024-10-15',20,20),(21,1,'2018-01-20','2023-01-20',21,21),(22,1,'2020-03-25','2025-03-25',22,22),(23,1,'2019-05-30','2024-05-30',23,23),(24,0,'2021-07-05','2026-07-05',24,24),(25,1,'2018-09-10','2023-09-10',25,25),(26,1,'2020-11-15','2025-11-15',26,26),(27,1,'2019-01-20','2024-01-20',27,27),(28,0,'2021-03-25','2026-03-25',28,28),(29,1,'2018-05-30','2023-05-30',29,29),(30,1,'2020-07-05','2025-07-05',30,30),(31,1,'2019-09-10','2024-09-10',31,31),(32,0,'2018-11-15','2023-11-15',32,32),(33,1,'2021-01-20','2026-01-20',33,33),(34,1,'2019-03-25','2024-03-25',34,34),(35,1,'2020-05-30','2025-05-30',35,35),(36,0,'2018-07-05','2023-07-05',36,36),(37,1,'2020-09-10','2025-09-10',37,37),(38,1,'2019-11-15','2024-11-15',38,38),(39,1,'2021-01-20','2026-01-20',39,39),(40,0,'2018-03-25','2023-03-25',40,40),(41,1,'2020-05-30','2025-05-30',41,41),(42,1,'2019-07-05','2024-07-05',42,42),(43,1,'2018-09-10','2023-09-10',43,43),(44,0,'2020-11-15','2025-11-15',44,44),(45,1,'2019-01-20','2024-01-20',45,45),(46,1,'2021-03-25','2026-03-25',46,46),(47,1,'2018-05-30','2023-05-30',47,47),(48,0,'2020-07-05','2025-07-05',48,48),(49,1,'2019-09-10','2024-09-10',49,49),(50,1,'2018-11-15','2023-11-15',50,50),(51,1,'2021-01-20','2026-01-20',51,51),(52,0,'2019-03-25','2024-03-25',52,52),(53,1,'2020-05-30','2025-05-30',53,53),(54,1,'2018-07-05','2023-07-05',54,54),(55,1,'2020-09-10','2025-09-10',55,55),(56,0,'2019-11-15','2024-11-15',56,56),(57,1,'2018-01-20','2023-01-20',57,57),(58,1,'2020-03-25','2025-03-25',58,58),(59,1,'2019-05-30','2024-05-30',59,59),(60,0,'2021-07-05','2026-07-05',60,60),(61,1,'2018-09-10','2023-09-10',61,61),(62,1,'2020-11-15','2025-11-15',62,62),(63,1,'2019-01-20','2024-01-20',63,63),(64,0,'2021-03-25','2026-03-25',64,64),(65,1,'2018-05-30','2023-05-30',65,65),(66,1,'2020-07-05','2025-07-05',66,66),(67,1,'2019-09-10','2024-09-10',67,67),(68,0,'2018-11-15','2023-11-15',68,68),(69,1,'2021-01-20','2026-01-20',69,69),(70,1,'2019-03-25','2024-03-25',70,70),(71,1,'2020-05-30','2025-05-30',71,71),(72,0,'2018-07-05','2023-07-05',72,72),(73,1,'2020-09-10','2025-09-10',73,73),(74,1,'2019-11-15','2024-11-15',74,74),(75,1,'2021-01-20','2026-01-20',75,75),(76,0,'2018-03-25','2023-03-25',76,76),(77,1,'2020-05-30','2025-05-30',77,77),(78,1,'2019-07-05','2024-07-05',78,78),(79,1,'2018-09-10','2023-09-10',79,79),(80,0,'2020-11-15','2025-11-15',80,80),(81,1,'2019-01-20','2024-01-20',81,81),(82,1,'2021-03-25','2026-03-25',82,82),(83,1,'2018-05-30','2023-05-30',83,83),(84,0,'2020-07-05','2025-07-05',84,84),(85,1,'2019-09-10','2024-09-10',85,85),(86,1,'2018-11-15','2023-11-15',86,86),(87,1,'2021-01-20','2026-01-20',87,87),(88,0,'2019-03-25','2024-03-25',88,88),(89,1,'2020-05-30','2025-05-30',89,89),(90,1,'2018-07-05','2023-07-05',90,90),(91,1,'2020-09-10','2025-09-10',91,91),(92,0,'2019-11-15','2024-11-15',92,92),(93,1,'2018-01-20','2023-01-20',93,93),(94,1,'2020-03-25','2025-03-25',94,94),(95,1,'2019-05-30','2024-05-30',95,95),(96,0,'2021-07-05','2026-07-05',96,96),(97,1,'2018-09-10','2023-09-10',97,97),(98,1,'2020-11-15','2025-11-15',98,98),(99,1,'2019-01-20','2024-01-20',99,99),(100,0,'2021-03-25','2026-03-25',100,100);
/*!40000 ALTER TABLE `integrantelinea` ENABLE KEYS */;
UNLOCK TABLES;

--
-- Table structure for table `investigador`
--

DROP TABLE IF EXISTS `investigador`;
/*!40101 SET @saved_cs_client     = @@character_set_client */;
/*!50503 SET character_set_client = utf8mb4 */;
CREATE TABLE `investigador` (
  `idInvestigador` int NOT NULL,
  `orcid` varchar(30) NOT NULL,
  `email` varchar(150) NOT NULL,
  `movil` varchar(15) NOT NULL,
  `idPersona` int NOT NULL,
  PRIMARY KEY (`idInvestigador`),
  KEY `idPersona` (`idPersona`),
  CONSTRAINT `investigador_ibfk_1` FOREIGN KEY (`idPersona`) REFERENCES `persona` (`idPersona`)
) ENGINE=InnoDB DEFAULT CHARSET=utf8mb4 COLLATE=utf8mb4_0900_ai_ci;
/*!40101 SET character_set_client = @saved_cs_client */;

--
-- Dumping data for table `investigador`
--

LOCK TABLES `investigador` WRITE;
/*!40000 ALTER TABLE `investigador` DISABLE KEYS */;
INSERT INTO `investigador` VALUES (1,'0000-0001-5000-0001','juan.garcia@investigacion.edu','5512345678',1),(2,'0000-0001-5000-0002','maria.martinez@investigacion.edu','5512345679',2),(3,'0000-0001-5000-0003','luis.rodriguez@investigacion.edu','5512345680',3),(4,'0000-0001-5000-0004','ana.hernandez@investigacion.edu','5512345681',4),(5,'0000-0001-5000-0005','jose.gonzalez@investigacion.edu','5512345682',5),(6,'0000-0001-5000-0006','laura.fernandez@investigacion.edu','5512345683',6),(7,'0000-0001-5000-0007','carlos.diaz@investigacion.edu','5512345684',7),(8,'0000-0001-5000-0008','patricia.vazquez@investigacion.edu','5512345685',8),(9,'0000-0001-5000-0009','miguel.moreno@investigacion.edu','5512345686',9),(10,'0000-0001-5000-0010','sofia.alvarez@investigacion.edu','5512345687',10),(11,'0000-0001-5000-0011','david.jimenez@investigacion.edu','5512345688',11),(12,'0000-0001-5000-0012','gabriela.castillo@investigacion.edu','5512345689',12),(13,'0000-0001-5000-0013','jorge.rivera@investigacion.edu','5512345690',13),(14,'0000-0001-5000-0014','claudia.romero@investigacion.edu','5512345691',14),(15,'0000-0001-5000-0015','francisco.soto@investigacion.edu','5512345692',15),(16,'0000-0001-5000-0016','adriana.morales@investigacion.edu','5512345693',16),(17,'0000-0001-5000-0017','ricardo.ortega@investigacion.edu','5512345694',17),(18,'0000-0001-5000-0018','veronica.delgado@investigacion.edu','5512345695',18),(19,'0000-0001-5000-0019','roberto.silva@investigacion.edu','5512345696',19),(20,'0000-0001-5000-0020','daniela.rojas@investigacion.edu','5512345697',20),(21,'0000-0001-5000-0021','arturo.mendoza@investigacion.edu','5512345698',21),(22,'0000-0001-5000-0022','lucia.aguilar@investigacion.edu','5512345699',22),(23,'0000-0001-5000-0023','oscar.vega@investigacion.edu','5512345700',23),(24,'0000-0001-5000-0024','silvia.cortes@investigacion.edu','5512345701',24),(25,'0000-0001-5000-0025','raul.navarro@investigacion.edu','5512345702',25),(26,'0000-0001-5000-0026','maria.espinoza@investigacion.edu','5512345703',26),(27,'0000-0001-5000-0027','alberto.leon@investigacion.edu','5512345704',27),(28,'0000-0001-5000-0028','carmen.rios@investigacion.edu','5512345705',28),(29,'0000-0001-5000-0029','guillermo.valdez@investigacion.edu','5512345706',29),(30,'0000-0001-5000-0030','leticia.camacho@investigacion.edu','5512345707',30),(31,'0000-0001-5000-0031','enrique.guerrero@investigacion.edu','5512345708',31),(32,'0000-0001-5000-0032','alejandra.pacheco@investigacion.edu','5512345709',32),(33,'0000-0001-5000-0033','felipe.acosta@investigacion.edu','5512345710',33),(34,'0000-0001-5000-0034','rosa.mejia@investigacion.edu','5512345711',34),(35,'0000-0001-5000-0035','javier.cardenas@investigacion.edu','5512345712',35),(36,'0000-0001-5000-0036','norma.salinas@investigacion.edu','5512345713',36),(37,'0000-0001-5000-0037','hector.villarreal@investigacion.edu','5512345714',37),(38,'0000-0001-5000-0038','teresa.zuniga@investigacion.edu','5512345715',38),(39,'0000-0001-5000-0039','sergio.pena@investigacion.edu','5512345716',39),(40,'0000-0001-5000-0040','beatriz.arias@investigacion.edu','5512345717',40),(41,'0000-0001-5000-0041','juan.valenzuela@investigacion.edu','5512345718',41),(42,'0000-0001-5000-0042','maria.franco@investigacion.edu','5512345719',42),(43,'0000-0001-5000-0043','eduardo.galvan@investigacion.edu','5512345720',43),(44,'0000-0001-5000-0044','ana.serrano@investigacion.edu','5512345721',44),(45,'0000-0001-5000-0045','jose.barrera@investigacion.edu','5512345722',45),(46,'0000-0001-5000-0046','claudia.maldonado@investigacion.edu','5512345723',46),(47,'0000-0001-5000-0047','alfonso.cervantes@investigacion.edu','5512345724',47),(48,'0000-0001-5000-0048','diana.tapia@investigacion.edu','5512345725',48),(49,'0000-0001-5000-0049','rodolfo.duran@investigacion.edu','5512345726',49),(50,'0000-0001-5000-0050','maria.rangel@investigacion.edu','5512345727',50),(51,'0000-0001-5000-0051','gerardo.bautista@investigacion.edu','5512345728',51),(52,'0000-0001-5000-0052','lourdes.velazquez@investigacion.edu','5512345729',52),(53,'0000-0001-5000-0053','mario.cisneros@investigacion.edu','5512345730',53),(54,'0000-0001-5000-0054','laura.trejo@investigacion.edu','5512345731',54),(55,'0000-0001-5000-0055','jose.galindo@investigacion.edu','5512345732',55),(56,'0000-0001-5000-0056','rosa.ponce@investigacion.edu','5512345733',56),(57,'0000-0001-5000-0057','alfredo.delacruz@investigacion.edu','5512345734',57),(58,'0000-0001-5000-0058','sara.solis@investigacion.edu','5512345735',58),(59,'0000-0001-5000-0059','jorge.lara@investigacion.edu','5512345736',59),(60,'0000-0001-5000-0060','maria.juarez@investigacion.edu','5512345737',60),(61,'0000-0001-5000-0061','fernando.miranda@investigacion.edu','5512345738',61),(62,'0000-0001-5000-0062','adriana.santillan@investigacion.edu','5512345739',62),(63,'0000-0001-5000-0063','roberto.rosales@investigacion.edu','5512345740',63),(64,'0000-0001-5000-0064','ana.marquez@investigacion.edu','5512345741',64),(65,'0000-0001-5000-0065','luis.ochoa@investigacion.edu','5512345742',65),(66,'0000-0001-5000-0066','patricia.castaneda@investigacion.edu','5512345743',66),(67,'0000-0001-5000-0067','ricardo.nava@investigacion.edu','5512345744',67),(68,'0000-0001-5000-0068','maria.padilla@investigacion.edu','5512345745',68),(69,'0000-0001-5000-0069','juan.cabrera@investigacion.edu','5512345746',69),(70,'0000-0001-5000-0070','guadalupe.rivas@investigacion.edu','5512345747',70),(71,'0000-0001-5000-0071','francisco.salgado@investigacion.edu','5512345748',71),(72,'0000-0001-5000-0072','laura.aguirre@investigacion.edu','5512345749',72),(73,'0000-0001-5000-0073','jose.vera@investigacion.edu','5512345750',73),(74,'0000-0001-5000-0074','maria.lozano@investigacion.edu','5512345751',74),(75,'0000-0001-5000-0075','carlos.quiroz@investigacion.edu','5512345752',75),(76,'0000-0001-5000-0076','silvia.osorio@investigacion.edu','5512345753',76),(77,'0000-0001-5000-0077','jorge.carmona@investigacion.edu','5512345754',77),(78,'0000-0001-5000-0078','ana.resendiz@investigacion.edu','5512345755',78),(79,'0000-0001-5000-0079','luis.vidal@investigacion.edu','5512345756',79),(80,'0000-0001-5000-0080','gabriela.magana@investigacion.edu','5512345757',80),(81,'0000-0001-5000-0081','juan.zamora@investigacion.edu','5512345758',81),(82,'0000-0001-5000-0082','maria.figueroa@investigacion.edu','5512345759',82),(83,'0000-0001-5000-0083','jose.corona@investigacion.edu','5512345760',83),(84,'0000-0001-5000-0084','claudia.medina@investigacion.edu','5512345761',84),(85,'0000-0001-5000-0085','alberto.rosas@investigacion.edu','5512345762',85),(86,'0000-0001-5000-0086','maria.soria@investigacion.edu','5512345763',86),(87,'0000-0001-5000-0087','javier.enriquez@investigacion.edu','5512345764',87),(88,'0000-0001-5000-0088','patricia.beltran@investigacion.edu','5512345765',88),(89,'0000-0001-5000-0089','ricardo.montes@investigacion.edu','5512345766',89),(90,'0000-0001-5000-0090','ana.palacios@investigacion.edu','5512345767',90),(91,'0000-0001-5000-0091','luis.cuevas@investigacion.edu','5512345768',91),(92,'0000-0001-5000-0092','maria.renteria@investigacion.edu','5512345769',92),(93,'0000-0001-5000-0093','jose.arroyo@investigacion.edu','5512345770',93),(94,'0000-0001-5000-0094','laura.delrio@investigacion.edu','5512345771',94),(95,'0000-0001-5000-0095','francisco.segovia@investigacion.edu','5512345772',95),(96,'0000-0001-5000-0096','ana.mireles@investigacion.edu','5512345773',96),(97,'0000-0001-5000-0097','juan.fonseca@investigacion.edu','5512345774',97),(98,'0000-0001-5000-0098','maria.reynoso@investigacion.edu','5512345775',98),(99,'0000-0001-5000-0099','luis.granados@investigacion.edu','5512345776',99),(100,'0000-0001-5000-0100','patricia.olivares@investigacion.edu','5512345777',100);
/*!40000 ALTER TABLE `investigador` ENABLE KEYS */;
UNLOCK TABLES;

--
-- Table structure for table `linea`
--

DROP TABLE IF EXISTS `linea`;
/*!40101 SET @saved_cs_client     = @@character_set_client */;
/*!50503 SET character_set_client = utf8mb4 */;
CREATE TABLE `linea` (
  `idLinea` int NOT NULL,
  `nombre` varchar(120) NOT NULL,
  `descripcion` varchar(500) NOT NULL,
  `idCuerpo` int NOT NULL,
  PRIMARY KEY (`idLinea`),
  KEY `idCuerpo` (`idCuerpo`),
  CONSTRAINT `linea_ibfk_1` FOREIGN KEY (`idCuerpo`) REFERENCES `cuerpoacademico` (`idCuerpo`)
) ENGINE=InnoDB DEFAULT CHARSET=utf8mb4 COLLATE=utf8mb4_0900_ai_ci;
/*!40101 SET character_set_client = @saved_cs_client */;

--
-- Dumping data for table `linea`
--

LOCK TABLES `linea` WRITE;
/*!40000 ALTER TABLE `linea` DISABLE KEYS */;
INSERT INTO `linea` VALUES (1,'Aprendizaje Automático','Investigación en algoritmos de aprendizaje automático y sus aplicaciones',1),(2,'Redes Neuronales Profundas','Desarrollo y optimización de arquitecturas de redes neuronales profundas',2),(3,'Procesamiento de Lenguaje Natural','Técnicas para el entendimiento y generación de lenguaje natural',3),(4,'Visión por Computadora','Algoritmos para el análisis y comprensión de imágenes digitales',4),(5,'Robótica Autónoma','Sistemas robóticos capaces de operar de forma autónoma en entornos complejos',5),(6,'Internet de las Cosas','Tecnologías para la interconexión de dispositivos físicos',6),(7,'Computación en la Nube','Arquitecturas y servicios para computación distribuida en la nube',7),(8,'Seguridad Informática','Técnicas para protección de sistemas y datos contra amenazas digitales',8),(9,'Blockchain','Tecnologías de ledger distribuido y aplicaciones descentralizadas',9),(10,'Realidad Virtual','Desarrollo de entornos virtuales inmersivos',10),(11,'Bioinformática','Aplicación de técnicas computacionales al análisis de datos biológicos',11),(12,'Computación Cuántica','Algoritmos y sistemas basados en principios de la mecánica cuántica',12),(13,'Sistemas Distribuidos','Diseño e implementación de sistemas operando en múltiples nodos',13),(14,'Ingeniería de Software','Metodologías para el desarrollo sistemático de software de calidad',14),(15,'Interacción Humano-Computadora','Diseño de interfaces centradas en la experiencia del usuario',15),(16,'Big Data','Técnicas para el procesamiento y análisis de grandes volúmenes de datos',16),(17,'Computación Gráfica','Algoritmos para generación y manipulación de imágenes digitales',17),(18,'Sistemas Embebidos','Diseño de sistemas computacionales integrados en dispositivos',18),(19,'Computación Móvil','Aplicaciones y servicios para dispositivos móviles',19),(20,'Arquitectura de Software','Patrones y estilos para el diseño de sistemas software',20),(21,'Pruebas de Software','Metodologías y herramientas para verificación y validación de software',21),(22,'DevOps','Integración de desarrollo y operaciones para entrega continua',22),(23,'Microservicios','Arquitecturas basadas en servicios pequeños e independientes',23),(24,'Ciberseguridad','Protección de infraestructuras críticas contra ciberataques',24),(25,'Forensia Digital','Técnicas para investigación de incidentes de seguridad',25),(26,'Computación Verde','Técnicas para reducir el consumo energético en computación',26),(27,'Computación Afectiva','Sistemas capaces de reconocer e interpretar emociones humanas',27),(28,'Robótica Social','Robots diseñados para interactuar con humanos en entornos sociales',28),(29,'Drones Autónomos','Sistemas no tripulados capaces de operar de forma autónoma',29),(30,'Realidad Aumentada','Superposición de información digital sobre el mundo real',30),(31,'Analítica de Datos','Técnicas para extracción de conocimiento a partir de datos',31),(32,'Minería de Datos','Algoritmos para descubrimiento de patrones en grandes conjuntos de datos',32),(33,'Visualización de Datos','Técnicas para representación gráfica de información compleja',33),(34,'Web Semántica','Tecnologías para dotar de significado a los datos en la web',34),(35,'Ontologías','Representación formal del conocimiento en dominios específicos',35),(36,'Sistemas Recomendadores','Algoritmos para sugerencias personalizadas a usuarios',36),(37,'Computación Paralela','Técnicas para ejecución simultánea de procesos computacionales',37),(38,'Supercomputación','Uso de sistemas de alto rendimiento para problemas complejos',38),(39,'Grid Computing','Computación distribuida que integra recursos heterogéneos',39),(40,'Computación Ubicua','Integración de la computación en objetos cotidianos',40),(41,'Computación Cognitiva','Sistemas que simulan procesos de pensamiento humano',41),(42,'Lógica Difusa','Sistemas basados en lógica multivaluada para razonamiento aproximado',42),(43,'Algoritmos Genéticos','Técnicas de optimización inspiradas en la evolución biológica',43),(44,'Enjambres Inteligentes','Sistemas descentralizados inspirados en comportamientos colectivos',44),(45,'Computación Evolutiva','Algoritmos inspirados en la evolución biológica',45),(46,'Sistemas Multiagente','Sistemas compuestos por múltiples entidades inteligentes',46),(47,'Planificación Automática','Algoritmos para generación automática de planes de acción',47),(48,'Razonamiento Automático','Sistemas capaces de realizar inferencias lógicas',48),(49,'Representación del Conocimiento','Métodos para modelar conocimiento en sistemas inteligentes',49),(50,'Procesamiento de Señales','Técnicas para análisis y manipulación de señales digitales',50),(51,'Reconocimiento de Patrones','Identificación de regularidades en datos',51),(52,'Computación Musical','Aplicación de técnicas computacionales a la música',52),(53,'Arte Generativo','Creación artística mediante algoritmos computacionales',53),(54,'Diseño Computacional','Uso de algoritmos en procesos de diseño',54),(55,'Modelado 3D','Técnicas para creación y manipulación de modelos tridimensionales',55),(56,'Animación por Computadora','Generación de secuencias animadas mediante software',56),(57,'Simulación Física','Modelado computacional de fenómenos físicos',57),(58,'Realidad Mixta','Combinación de realidad virtual y aumentada',58),(59,'Interfaces Cerebro-Computadora','Sistemas de comunicación directa entre cerebro y máquina',59),(60,'Computación Vestible','Dispositivos computacionales integrados en prendas o accesorios',60),(61,'Salud Digital','Aplicaciones tecnológicas para el cuidado de la salud',61),(62,'Telemedicina','Prestación remota de servicios médicos mediante TIC',62),(63,'Genómica Computacional','Análisis computacional de genomas',63),(64,'Proteómica Computacional','Estudio computacional de proteínas',64),(65,'Metabolómica Computacional','Análisis computacional de metabolitos',65),(66,'Farmacoinformática','Aplicación de informática al descubrimiento de fármacos',66),(67,'Imagen Médica','Procesamiento computacional de imágenes para diagnóstico',67),(68,'Sistemas de Soporte a Decisiones Clínicas','Sistemas para asistir a profesionales de la salud',68),(69,'Computación Financiera','Aplicación de técnicas computacionales a las finanzas',69),(70,'Algoritmos de Trading','Sistemas automatizados para operación en mercados financieros',70),(71,'FinTech','Innovación tecnológica en servicios financieros',71),(72,'InsurTech','Tecnología aplicada al sector asegurador',72),(73,'RegTech','Tecnología para cumplimiento regulatorio en finanzas',73),(74,'LegalTech','Tecnología aplicada al sector legal',74),(75,'EdTech','Tecnología aplicada a la educación',75),(76,'Computación Educativa','Uso de la computación para mejorar procesos educativos',76),(77,'Juegos Serios','Videojuegos diseñados con propósitos educativos o de entrenamiento',77),(78,'Gamificación','Uso de mecánicas de juego en contextos no lúdicos',78),(79,'Aprendizaje Adaptativo','Sistemas que personalizan la experiencia de aprendizaje',79),(80,'Analítica de Aprendizaje','Medición y análisis de datos sobre el proceso educativo',80),(81,'MOOCs','Plataformas para cursos masivos abiertos en línea',81),(82,'Realidad Virtual Educativa','Uso de RV para crear entornos de aprendizaje inmersivos',82),(83,'Computación Social','Estudio de la interacción entre comportamiento social y sistemas computacionales',83),(84,'Redes Sociales','Análisis computacional de estructuras y dinámicas en redes sociales',84),(85,'Computación Urbana','Aplicación de técnicas computacionales a problemas urbanos',85),(86,'Ciudades Inteligentes','Tecnologías para mejorar la gestión y servicios urbanos',86),(87,'Movilidad Inteligente','Sistemas computacionales para optimización del transporte',87),(88,'Computación Ambiental','Sistemas para monitoreo y protección del medio ambiente',88),(89,'Agricultura de Precisión','Uso de tecnología para optimización de prácticas agrícolas',89),(90,'Computación para la Sostenibilidad','Aplicaciones tecnológicas para desarrollo sostenible',90),(91,'Energías Renovables','Sistemas computacionales para gestión de energías limpias',91),(92,'Computación en Materiales','Modelado computacional de materiales y sus propiedades',92),(93,'Nanotecnología Computacional','Simulación y diseño a escala nanométrica',93),(94,'Física Computacional','Resolución numérica de problemas físicos complejos',94),(95,'Química Computacional','Simulación de procesos químicos mediante computación',95),(96,'Biología Computacional','Aplicación de modelos computacionales a sistemas biológicos',96),(97,'Ecología Computacional','Modelado de ecosistemas y dinámicas poblacionales',97),(98,'Climatología Computacional','Modelado y predicción de fenómenos climáticos',98),(99,'Astrofísica Computacional','Simulación de fenómenos astrofísicos',99),(100,'Cosmología Computacional','Modelado del origen y evolución del universo',100);
/*!40000 ALTER TABLE `linea` ENABLE KEYS */;
UNLOCK TABLES;

--
-- Table structure for table `persona`
--

DROP TABLE IF EXISTS `persona`;
/*!40101 SET @saved_cs_client     = @@character_set_client */;
/*!50503 SET character_set_client = utf8mb4 */;
CREATE TABLE `persona` (
  `idPersona` int NOT NULL,
  `paterno` char(80) NOT NULL,
  `materno` char(80) NOT NULL,
  `nombre` char(120) NOT NULL,
  PRIMARY KEY (`idPersona`)
) ENGINE=InnoDB DEFAULT CHARSET=utf8mb4 COLLATE=utf8mb4_0900_ai_ci;
/*!40101 SET character_set_client = @saved_cs_client */;

--
-- Dumping data for table `persona`
--

LOCK TABLES `persona` WRITE;
/*!40000 ALTER TABLE `persona` DISABLE KEYS */;
INSERT INTO `persona` VALUES (1,'García','López','Juan Carlos'),(2,'Martínez','Sánchez','María Elena'),(3,'Rodríguez','Gómez','Luis Fernando'),(4,'Hernández','Pérez','Ana María'),(5,'González','Ramírez','José Antonio'),(6,'Fernández','Torres','Laura Isabel'),(7,'Díaz','Flores','Carlos Alberto'),(8,'Vázquez','Cruz','Patricia Guadalupe'),(9,'Moreno','Ruiz','Miguel Ángel'),(10,'Álvarez','Mendoza','Sofía Alejandra'),(11,'Jiménez','Ortega','David Alejandro'),(12,'Castillo','Herrera','Gabriela Fernanda'),(13,'Rivera','Vargas','Jorge Luis'),(14,'Romero','Medina','Claudia Beatriz'),(15,'Soto','Reyes','Francisco Javier'),(16,'Morales','Castro','Adriana Elizabeth'),(17,'Ortega','Guerrero','Ricardo Manuel'),(18,'Delgado','Juárez','Verónica Patricia'),(19,'Silva','Núñez','Roberto Carlos'),(20,'Rojas','Salazar','Daniela Carolina'),(21,'Mendoza','Ortiz','Arturo Benjamín'),(22,'Aguilar','Chávez','Lucía Margarita'),(23,'Vega','Contreras','Oscar Eduardo'),(24,'Cortés','Miranda','Silvia Patricia'),(25,'Navarro','Santos','Raúl Alejandro'),(26,'Espinoza','Campos','María Fernanda'),(27,'León','Fuentes','Alberto Gerardo'),(28,'Ríos','Méndez','Carmen Rosa'),(29,'Valdez','Aguirre','Guillermo Antonio'),(30,'Camacho','Rosas','Leticia Guadalupe'),(31,'Guerrero','Luna','Enrique Alfonso'),(32,'Pacheco','Sosa','Alejandra Gabriela'),(33,'Acosta','Valencia','Felipe de Jesús'),(34,'Mejía','Ibarra','Rosa María'),(35,'Cárdenas','Pineda','Javier Ignacio'),(36,'Salinas','Vega','Norma Angélica'),(37,'Villarreal','Cervantes','Héctor Manuel'),(38,'Zúñiga','Lara','Teresa Margarita'),(39,'Peña','Orozco','Sergio Arturo'),(40,'Arias','Maldonado','Beatriz Adriana'),(41,'Valenzuela','Rangel','Juan Pablo'),(42,'Franco','Barrera','María de Lourdes'),(43,'Galván','Escobar','Eduardo Samuel'),(44,'Serrano','Gallegos','Ana Laura'),(45,'Barrera','Quintero','José Ramón'),(46,'Maldonado','Zamora','Claudia Cecilia'),(47,'Cervantes','Ochoa','Alfonso René'),(48,'Tapia','Palacios','Diana Berenice'),(49,'Durán','Cabrera','Rodolfo Antonio'),(50,'Rangel','Valdivia','María Guadalupe'),(51,'Bautista','Andrade','Gerardo Francisco'),(52,'Velázquez','Esquivel','Lourdes Elizabeth'),(53,'Cisneros','Rivas','Mario Alberto'),(54,'Trejo','Salinas','Laura Patricia'),(55,'Galindo','Téllez','José Luis'),(56,'Ponce','Bravo','Rosa Elena'),(57,'De la Cruz','Villanueva','Alfredo Javier'),(58,'Solís','Montes','Sara Isabel'),(59,'Lara','Castañeda','Jorge Armando'),(60,'Juárez','Carrillo','María del Carmen'),(61,'Miranda','Rocha','Fernando Arturo'),(62,'Santillán','Lozano','Adriana Marcela'),(63,'Rosales','Arenas','Roberto Andrés'),(64,'Márquez','Delgado','Ana Gabriela'),(65,'Ochoa','Zavala','Luis Miguel'),(66,'Castañeda','Olvera','Patricia Alejandra'),(67,'Nava','Pacheco','Ricardo Ernesto'),(68,'Padilla','Corona','María José'),(69,'Cabrera','Montoya','Juan Manuel'),(70,'Rivas','Santiago','Guadalupe Margarita'),(71,'Salgado','Barajas','Francisco José'),(72,'Aguirre','Magaña','Laura Beatriz'),(73,'Vera','Colín','José Guadalupe'),(74,'Lozano','Camacho','María Teresa'),(75,'Quiroz','Vázquez','Carlos Enrique'),(76,'Osorio','Velasco','Silvia Elena'),(77,'Carmona','Arroyo','Jorge Octavio'),(78,'Reséndiz','Romo','Ana Patricia'),(79,'Vidal','Castaño','Luis Roberto'),(80,'Magaña','Barragán','Gabriela Alejandra'),(81,'Zamora','Cordero','Juan Carlos'),(82,'Figueroa','Ceballos','María de Jesús'),(83,'Corona','Saucedo','José Francisco'),(84,'Medina','Vallejo','Claudia Ivonne'),(85,'Rosas','Cuevas','Alberto Gerardo'),(86,'Soria','Guevara','María del Rosario'),(87,'Enríquez','Arredondo','Javier Alejandro'),(88,'Beltrán','Carrasco','Patricia Berenice'),(89,'Montes','Rentería','Ricardo Alonso'),(90,'Palacios','Zamudio','Ana Lilia'),(91,'Cuevas','Mireles','Luis Felipe'),(92,'Rentería','Tovar','María Concepción'),(93,'Arroyo','Nieto','José Roberto'),(94,'Del Río','Segura','Laura Adriana'),(95,'Segovia','Munguía','Francisco Javier'),(96,'Mireles','Fierro','Ana María'),(97,'Fonseca','Reynoso','Juan Antonio'),(98,'Reynoso','Granados','María Elena'),(99,'Granados','Olivares','Luis Gerardo'),(100,'Olivares','Fonseca','Patricia Guadalupe');
/*!40000 ALTER TABLE `persona` ENABLE KEYS */;
UNLOCK TABLES;

--
-- Table structure for table `produccion`
--

DROP TABLE IF EXISTS `produccion`;
/*!40101 SET @saved_cs_client     = @@character_set_client */;
/*!50503 SET character_set_client = utf8mb4 */;
CREATE TABLE `produccion` (
  `idProduccion` int NOT NULL,
  `tipo` varchar(60) NOT NULL,
  `titulo` varchar(250) NOT NULL,
  `anio` int NOT NULL,
  `idInvestigador` int NOT NULL,
  PRIMARY KEY (`idProduccion`),
  KEY `idInvestigador` (`idInvestigador`),
  CONSTRAINT `produccion_ibfk_1` FOREIGN KEY (`idInvestigador`) REFERENCES `investigador` (`idInvestigador`)
) ENGINE=InnoDB DEFAULT CHARSET=utf8mb4 COLLATE=utf8mb4_0900_ai_ci;
/*!40101 SET character_set_client = @saved_cs_client */;

--
-- Dumping data for table `produccion`
--

LOCK TABLES `produccion` WRITE;
/*!40000 ALTER TABLE `produccion` DISABLE KEYS */;
INSERT INTO `produccion` VALUES (1,'Artículo','Algoritmos de deep learning para diagnóstico temprano de cáncer de mama',2020,1),(2,'Libro','Inteligencia Artificial: Fundamentos y Aplicaciones',2019,2),(3,'Capítulo de libro','Blockchain en el sector financiero',2021,3),(4,'Artículo','Terapias de realidad virtual para fobias específicas',2020,4),(5,'Artículo','Modelos predictivos para brotes epidémicos',2019,5),(6,'Patente','Sistema robótico colaborativo para ensamblaje',2021,6),(7,'Artículo','Criptografía post-cuántica',2020,7),(8,'Libro','Plataformas de e-learning adaptativo',2019,8),(9,'Artículo','Análisis de sentimientos en Twitter durante crisis',2021,9),(10,'Artículo','Sistemas de recomendación basados en grafos',2020,10),(11,'Artículo','Redes neuronales convolucionales para detección de tumores',2019,11),(12,'Libro','Ciudades Inteligentes: Tecnologías y Desafíos',2021,12),(13,'Artículo','Optimización de redes de energía renovable',2020,13),(14,'Patente','Sistema de telemedicina para zonas remotas',2019,14),(15,'Artículo','Nanomateriales para almacenamiento de hidrógeno',2021,15),(16,'Artículo','Biorremediación de aguas contaminadas',2020,16),(17,'Libro','Modelado Climático Regional',2019,17),(18,'Artículo','Sistemas expertos para mantenimiento predictivo',2021,18),(19,'Artículo','Realidad aumentada en procesos industriales',2020,19),(20,'Artículo','Algoritmos genéticos para routing logístico',2019,20),(21,'Patente','Interfaz cerebro-computadora no invasiva',2021,21),(22,'Artículo','Seguridad en IoT industrial',2020,22),(23,'Libro','Deep Learning en Imagenología Médica',2019,23),(24,'Artículo','Plataformas de gobierno abierto y transparencia',2021,24),(25,'Artículo','Predicción de estructuras proteicas con IA',2020,25),(26,'Artículo','Monitoreo ambiental con drones',2019,26),(27,'Patente','Simulador cuántico para materiales',2021,27),(28,'Artículo','Educación STEM con tecnologías inmersivas',2020,28),(29,'Libro','FinTech: Innovación en Servicios Financieros',2019,29),(30,'Artículo','Automatización en agricultura vertical',2021,30),(31,'Artículo','Diagnóstico de enfermedades raras con machine learning',2020,31),(32,'Artículo','Predicción de mercados con redes neuronales',2019,32),(33,'Patente','Dispositivo robótico para rehabilitación',2021,33),(34,'Artículo','Ciberseguridad para pequeñas empresas',2020,34),(35,'Libro','Modelos Epidemiológicos Avanzados',2019,35),(36,'Artículo','Robótica submarina autónoma',2021,36),(37,'Artículo','Computación afectiva en entornos educativos',2020,37),(38,'Artículo','Blockchain en gestión de cadena de suministro',2019,38),(39,'Patente','Sistema de realidad virtual para arquitectura',2021,39),(40,'Artículo','Optimización de redes 5G',2020,40),(41,'Libro','Machine Learning en Diagnóstico Médico',2019,41),(42,'Artículo','Sistemas de recomendación para turismo',2021,42),(43,'Artículo','Nanofiltros para purificación de aire',2020,43),(44,'Artículo','Analítica de datos en deportes profesionales',2019,44),(45,'Patente','Simulador de materiales cuánticos',2021,45),(46,'Artículo','Asistentes virtuales para adultos mayores',2020,46),(47,'Libro','Detección de Deepfakes',2019,47),(48,'Artículo','Modelado de tráfico urbano con IA',2021,48),(49,'Artículo','Realidad aumentada en museos',2020,49),(50,'Artículo','Algoritmos para computadoras cuánticas',2019,50),(51,'Patente','Sistema de diagnóstico cardiovascular',2021,51),(52,'Artículo','Trading algorítmico con machine learning',2020,52),(53,'Libro','Robótica en Cirugía Mínimamente Invasiva',2019,53),(54,'Artículo','Plataformas de e-learning personalizado',2021,54),(55,'Artículo','Modelado de ecosistemas marinos',2020,55),(56,'Artículo','Detección de plagas agrícolas con drones',2019,56),(57,'Patente','Chip neuromórfico para IA',2021,57),(58,'Artículo','Entrenamiento industrial con realidad virtual',2020,58),(59,'Libro','Blockchain y Propiedad Intelectual',2019,59),(60,'Artículo','Recomendación musical basada en emociones',2021,60),(61,'Artículo','Diagnóstico de Alzheimer con wearables',2020,61),(62,'Artículo','Modelado de mercados financieros complejos',2019,62),(63,'Patente','Robot para exploración planetaria',2021,63),(64,'Artículo','Plataformas de telepsiquiatría',2020,64),(65,'Libro','Simulación de Proteínas Virales',2019,65),(66,'Artículo','Detección temprana de incendios forestales',2021,66),(67,'Artículo','Computación cuántica en química teórica',2020,67),(68,'Artículo','Realidad aumentada en retail',2019,68),(69,'Patente','Algoritmo para redes neuronales profundas',2021,69),(70,'Artículo','Sistemas de diagnóstico para cultivos',2020,70),(71,'Libro','Nanotecnología en Oncología',2019,71),(72,'Artículo','Modelado global de pandemias',2021,72),(73,'Artículo','Robótica en rehabilitación neurológica',2020,73),(74,'Artículo','Plataformas de identidad digital segura',2019,74),(75,'Patente','Simulador de materiales avanzados',2021,75),(76,'Artículo','Detección de fraude financiero con IA',2020,76),(77,'Libro','Computación Cuántica en Logística',2019,77),(78,'Artículo','Terapias psicológicas con realidad virtual',2021,78),(79,'Artículo','Votación electrónica basada en blockchain',2020,79),(80,'Artículo','Recomendación de libros con deep learning',2019,80),(81,'Patente','Sistema wearable para diagnóstico de Parkinson',2021,81),(82,'Artículo','Modelado de sistemas económicos complejos',2020,82),(83,'Libro','Robótica en Gestión de Desastres',2019,83),(84,'Artículo','Telemedicina pediátrica',2021,84),(85,'Artículo','Descubrimiento de fármacos con IA',2020,85),(86,'Artículo','Monitoreo de contaminación acústica urbana',2019,86),(87,'Patente','Algoritmo cuántico para machine learning',2021,87),(88,'Artículo','Realidad aumentada en educación primaria',2020,88),(89,'Libro','Algoritmos para Criptomonedas',2019,89),(90,'Artículo','Diagnóstico automotriz con IA',2021,90),(91,'Artículo','Nanotecnología en celdas solares',2020,91),(92,'Artículo','Modelado del sistema inmunológico',2019,92),(93,'Patente','Robot agrícola autónomo',2021,93),(94,'Artículo','Plataformas digitales para salud mental',2020,94),(95,'Libro','Simulación de Ecosistemas Urbanos',2019,95),(96,'Artículo','Detección de malware con deep learning',2021,96),(97,'Artículo','Computación cuántica en análisis financiero',2020,97),(98,'Artículo','Diseño industrial con realidad virtual',2019,98),(99,'Patente','Sistema blockchain para historiales médicos',2021,99),(100,'Artículo','Recomendación de películas basada en preferencias',2020,100);
/*!40000 ALTER TABLE `produccion` ENABLE KEYS */;
UNLOCK TABLES;

--
-- Table structure for table `profesor`
--

DROP TABLE IF EXISTS `profesor`;
/*!40101 SET @saved_cs_client     = @@character_set_client */;
/*!50503 SET character_set_client = utf8mb4 */;
CREATE TABLE `profesor` (
  `idProfesor` int NOT NULL,
  `email` varchar(120) NOT NULL,
  `fechaingreso` date NOT NULL,
  `idPersona` int NOT NULL,
  PRIMARY KEY (`idProfesor`),
  KEY `idPersona` (`idPersona`),
  CONSTRAINT `profesor_ibfk_1` FOREIGN KEY (`idPersona`) REFERENCES `persona` (`idPersona`)
) ENGINE=InnoDB DEFAULT CHARSET=utf8mb4 COLLATE=utf8mb4_0900_ai_ci;
/*!40101 SET character_set_client = @saved_cs_client */;

--
-- Dumping data for table `profesor`
--

LOCK TABLES `profesor` WRITE;
/*!40000 ALTER TABLE `profesor` DISABLE KEYS */;
INSERT INTO `profesor` VALUES (1,'juan.garcia@universidad.edu','2010-08-15',1),(2,'maria.martinez@universidad.edu','2012-01-20',2),(3,'luis.rodriguez@universidad.edu','2015-08-10',3),(4,'ana.hernandez@universidad.edu','2008-08-20',4),(5,'jose.gonzalez@universidad.edu','2011-01-15',5),(6,'laura.fernandez@universidad.edu','2014-08-12',6),(7,'carlos.diaz@universidad.edu','2009-08-18',7),(8,'patricia.vazquez@universidad.edu','2013-01-22',8),(9,'miguel.moreno@universidad.edu','2016-08-14',9),(10,'sofia.alvarez@universidad.edu','2010-08-16',10),(11,'david.jimenez@universidad.edu','2011-08-15',11),(12,'gabriela.castillo@universidad.edu','2014-01-18',12),(13,'jorge.rivera@universidad.edu','2017-08-11',13),(14,'claudia.romero@universidad.edu','2007-08-20',14),(15,'francisco.soto@universidad.edu','2010-01-25',15),(16,'adriana.morales@universidad.edu','2012-08-17',16),(17,'ricardo.ortega@universidad.edu','2015-01-19',17),(18,'veronica.delgado@universidad.edu','2018-08-13',18),(19,'roberto.silva@universidad.edu','2009-08-19',19),(20,'daniela.rojas@universidad.edu','2012-01-21',20),(21,'arturo.mendoza@universidad.edu','2011-08-16',21),(22,'lucia.aguilar@universidad.edu','2014-01-17',22),(23,'oscar.vega@universidad.edu','2017-08-12',23),(24,'silvia.cortes@universidad.edu','2010-08-18',24),(25,'raul.navarro@universidad.edu','2013-01-23',25),(26,'maria.espinoza@universidad.edu','2012-08-19',26),(27,'alberto.leon@universidad.edu','2015-01-24',27),(28,'carmen.rios@universidad.edu','2018-08-15',28),(29,'guillermo.valdez@universidad.edu','2011-08-20',29),(30,'leticia.camacho@universidad.edu','2014-01-26',30),(31,'enrique.guerrero@universidad.edu','2010-08-21',31),(32,'alejandra.pacheco@universidad.edu','2013-01-27',32),(33,'felipe.acosta@universidad.edu','2016-08-16',33),(34,'rosa.mejia@universidad.edu','2009-08-22',34),(35,'javier.cardenas@universidad.edu','2012-01-28',35),(36,'norma.salinas@universidad.edu','2011-08-23',36),(37,'hector.villarreal@universidad.edu','2014-01-29',37),(38,'teresa.zuniga@universidad.edu','2017-08-17',38),(39,'sergio.pena@universidad.edu','2010-08-24',39),(40,'beatriz.arias@universidad.edu','2013-01-30',40),(41,'juan.valenzuela@universidad.edu','2012-08-25',41),(42,'maria.franco@universidad.edu','2015-01-31',42),(43,'eduardo.galvan@universidad.edu','2011-08-26',43),(44,'ana.serrano@universidad.edu','2014-02-01',44),(45,'jose.barrera@universidad.edu','2010-08-27',45),(46,'claudia.maldonado@universidad.edu','2013-02-02',46),(47,'alfonso.cervantes@universidad.edu','2012-08-28',47),(48,'diana.tapia@universidad.edu','2015-02-03',48),(49,'rodolfo.duran@universidad.edu','2011-08-29',49),(50,'maria.rangel@universidad.edu','2014-02-04',50),(51,'gerardo.bautista@universidad.edu','2010-08-30',51),(52,'lourdes.velazquez@universidad.edu','2013-02-05',52),(53,'mario.cisneros@universidad.edu','2012-08-31',53),(54,'laura.trejo@universidad.edu','2015-02-06',54),(55,'jose.galindo@universidad.edu','2011-09-01',55),(56,'rosa.ponce@universidad.edu','2014-02-07',56),(57,'alfredo.delacruz@universidad.edu','2010-09-02',57),(58,'sara.solis@universidad.edu','2013-02-08',58),(59,'jorge.lara@universidad.edu','2012-09-03',59),(60,'maria.juarez@universidad.edu','2015-02-09',60),(61,'fernando.miranda@universidad.edu','2011-09-04',61),(62,'adriana.santillan@universidad.edu','2014-02-10',62),(63,'roberto.rosales@universidad.edu','2010-09-05',63),(64,'ana.marquez@universidad.edu','2013-02-11',64),(65,'luis.ochoa@universidad.edu','2012-09-06',65),(66,'patricia.castaneda@universidad.edu','2015-02-12',66),(67,'ricardo.nava@universidad.edu','2011-09-07',67),(68,'maria.padilla@universidad.edu','2014-02-13',68),(69,'juan.cabrera@universidad.edu','2010-09-08',69),(70,'guadalupe.rivas@universidad.edu','2013-02-14',70),(71,'francisco.salgado@universidad.edu','2012-09-09',71),(72,'laura.aguirre@universidad.edu','2015-02-15',72),(73,'jose.vera@universidad.edu','2011-09-10',73),(74,'maria.lozano@universidad.edu','2014-02-16',74),(75,'carlos.quiroz@universidad.edu','2010-09-11',75),(76,'silvia.osorio@universidad.edu','2013-02-17',76),(77,'jorge.carmona@universidad.edu','2012-09-12',77),(78,'ana.resendiz@universidad.edu','2015-02-18',78),(79,'luis.vidal@universidad.edu','2011-09-13',79),(80,'gabriela.magana@universidad.edu','2014-02-19',80),(81,'juan.zamora@universidad.edu','2010-09-14',81),(82,'maria.figueroa@universidad.edu','2013-02-20',82),(83,'jose.corona@universidad.edu','2012-09-15',83),(84,'claudia.medina@universidad.edu','2015-02-21',84),(85,'alberto.rosas@universidad.edu','2011-09-16',85),(86,'maria.soria@universidad.edu','2014-02-22',86),(87,'javier.enriquez@universidad.edu','2010-09-17',87),(88,'patricia.beltran@universidad.edu','2013-02-23',88),(89,'ricardo.montes@universidad.edu','2012-09-18',89),(90,'ana.palacios@universidad.edu','2015-02-24',90),(91,'luis.cuevas@universidad.edu','2011-09-19',91),(92,'maria.renteria@universidad.edu','2014-02-25',92),(93,'jose.arroyo@universidad.edu','2010-09-20',93),(94,'laura.delrio@universidad.edu','2013-02-26',94),(95,'francisco.segovia@universidad.edu','2012-09-21',95),(96,'ana.mireles@universidad.edu','2015-02-27',96),(97,'juan.fonseca@universidad.edu','2011-09-22',97),(98,'maria.reynoso@universidad.edu','2014-02-28',98),(99,'luis.granados@universidad.edu','2010-09-23',99),(100,'patricia.olivares@universidad.edu','2013-03-01',100);
/*!40000 ALTER TABLE `profesor` ENABLE KEYS */;
UNLOCK TABLES;

--
-- Table structure for table `programa`
--

DROP TABLE IF EXISTS `programa`;
/*!40101 SET @saved_cs_client     = @@character_set_client */;
/*!50503 SET character_set_client = utf8mb4 */;
CREATE TABLE `programa` (
  `idPrograma` int NOT NULL,
  `nivel` varchar(25) NOT NULL,
  `nombre` varchar(150) NOT NULL,
  `fechainicio` date NOT NULL,
  PRIMARY KEY (`idPrograma`)
) ENGINE=InnoDB DEFAULT CHARSET=utf8mb4 COLLATE=utf8mb4_0900_ai_ci;
/*!40101 SET character_set_client = @saved_cs_client */;

--
-- Dumping data for table `programa`
--

LOCK TABLES `programa` WRITE;
/*!40000 ALTER TABLE `programa` DISABLE KEYS */;
INSERT INTO `programa` VALUES (1,'Licenciatura','Ingeniería en Sistemas Computacionales','2010-08-15'),(2,'Maestría','Maestría en Ciencias de la Computación','2012-01-20'),(3,'Doctorado','Doctorado en Tecnologías de la Información','2015-08-10'),(4,'Licenciatura','Licenciatura en Administración','2008-08-20'),(5,'Maestría','Maestría en Administración Pública','2011-01-15'),(6,'Doctorado','Doctorado en Ciencias Administrativas','2014-08-12'),(7,'Licenciatura','Licenciatura en Derecho','2009-08-18'),(8,'Maestría','Maestría en Derecho Penal','2013-01-22'),(9,'Doctorado','Doctorado en Ciencias Jurídicas','2016-08-14'),(10,'Licenciatura','Licenciatura en Psicología','2010-08-16'),(11,'Licenciatura','Ingeniería Civil','2011-08-15'),(12,'Maestría','Maestría en Ingeniería Estructural','2014-01-18'),(13,'Doctorado','Doctorado en Ingeniería Civil','2017-08-11'),(14,'Licenciatura','Licenciatura en Medicina','2007-08-20'),(15,'Maestría','Maestría en Salud Pública','2010-01-25'),(16,'Licenciatura','Licenciatura en Arquitectura','2012-08-17'),(17,'Maestría','Maestría en Diseño Urbano','2015-01-19'),(18,'Doctorado','Doctorado en Arquitectura','2018-08-13'),(19,'Licenciatura','Licenciatura en Economía','2009-08-19'),(20,'Maestría','Maestría en Economía Aplicada','2012-01-21'),(21,'Licenciatura','Licenciatura en Biología','2011-08-16'),(22,'Maestría','Maestría en Biotecnología','2014-01-17'),(23,'Doctorado','Doctorado en Ciencias Biológicas','2017-08-12'),(24,'Licenciatura','Licenciatura en Química','2010-08-18'),(25,'Maestría','Maestría en Química Orgánica','2013-01-23'),(26,'Licenciatura','Licenciatura en Física','2012-08-19'),(27,'Maestría','Maestría en Física Teórica','2015-01-24'),(28,'Doctorado','Doctorado en Física','2018-08-15'),(29,'Licenciatura','Licenciatura en Matemáticas','2011-08-20'),(30,'Maestría','Maestría en Matemáticas Aplicadas','2014-01-26'),(31,'Licenciatura','Licenciatura en Historia','2010-08-21'),(32,'Maestría','Maestría en Historia Moderna','2013-01-27'),(33,'Doctorado','Doctorado en Historia','2016-08-16'),(34,'Licenciatura','Licenciatura en Filosofía','2009-08-22'),(35,'Maestría','Maestría en Filosofía Contemporánea','2012-01-28'),(36,'Licenciatura','Licenciatura en Letras','2011-08-23'),(37,'Maestría','Maestría en Literatura Comparada','2014-01-29'),(38,'Doctorado','Doctorado en Letras','2017-08-17'),(39,'Licenciatura','Licenciatura en Pedagogía','2010-08-24'),(40,'Maestría','Maestría en Educación','2013-01-30'),(41,'Licenciatura','Licenciatura en Comunicación','2012-08-25'),(42,'Maestría','Maestría en Comunicación Digital','2015-01-31'),(43,'Licenciatura','Licenciatura en Relaciones Internacionales','2011-08-26'),(44,'Maestría','Maestría en Política Internacional','2014-02-01'),(45,'Licenciatura','Licenciatura en Turismo','2010-08-27'),(46,'Maestría','Maestría en Gestión Turística','2013-02-02'),(47,'Licenciatura','Licenciatura en Diseño Gráfico','2012-08-28'),(48,'Maestría','Maestría en Diseño Multimedia','2015-02-03'),(49,'Licenciatura','Licenciatura en Música','2011-08-29'),(50,'Maestría','Maestría en Composición Musical','2014-02-04'),(51,'Licenciatura','Licenciatura en Artes Plásticas','2010-08-30'),(52,'Maestría','Maestría en Artes Visuales','2013-02-05'),(53,'Licenciatura','Licenciatura en Teatro','2012-08-31'),(54,'Maestría','Maestría en Dirección Teatral','2015-02-06'),(55,'Licenciatura','Licenciatura en Danza','2011-09-01'),(56,'Maestría','Maestría en Coreografía','2014-02-07'),(57,'Licenciatura','Licenciatura en Cinematografía','2010-09-02'),(58,'Maestría','Maestría en Producción Cinematográfica','2013-02-08'),(59,'Licenciatura','Licenciatura en Gastronomía','2012-09-03'),(60,'Maestría','Maestría en Alta Cocina','2015-02-09'),(61,'Licenciatura','Licenciatura en Nutrición','2011-09-04'),(62,'Maestría','Maestría en Nutrición Clínica','2014-02-10'),(63,'Licenciatura','Licenciatura en Enfermería','2010-09-05'),(64,'Maestría','Maestría en Enfermería Oncológica','2013-02-11'),(65,'Licenciatura','Licenciatura en Odontología','2012-09-06'),(66,'Maestría','Maestría en Ortodoncia','2015-02-12'),(67,'Licenciatura','Licenciatura en Veterinaria','2011-09-07'),(68,'Maestría','Maestría en Cirugía Veterinaria','2014-02-13'),(69,'Licenciatura','Licenciatura en Agronomía','2010-09-08'),(70,'Maestría','Maestría en Agricultura Sustentable','2013-02-14'),(71,'Licenciatura','Licenciatura en Zootecnia','2012-09-09'),(72,'Maestría','Maestría en Producción Animal','2015-02-15'),(73,'Licenciatura','Licenciatura en Ecología','2011-09-10'),(74,'Maestría','Maestría en Conservación Ambiental','2014-02-16'),(75,'Licenciatura','Licenciatura en Geología','2010-09-11'),(76,'Maestría','Maestría en Geofísica','2013-02-17'),(77,'Licenciatura','Licenciatura en Oceanografía','2012-09-12'),(78,'Maestría','Maestría en Ciencias del Mar','2015-02-18'),(79,'Licenciatura','Licenciatura en Meteorología','2011-09-13'),(80,'Maestría','Maestría en Climatología','2014-02-19'),(81,'Licenciatura','Licenciatura en Astronomía','2010-09-14'),(82,'Maestría','Maestría en Astrofísica','2013-02-20'),(83,'Licenciatura','Licenciatura en Antropología','2012-09-15'),(84,'Maestría','Maestría en Antropología Social','2015-02-21'),(85,'Licenciatura','Licenciatura en Sociología','2011-09-16'),(86,'Maestría','Maestría en Desarrollo Social','2014-02-22'),(87,'Licenciatura','Licenciatura en Ciencias Políticas','2010-09-17'),(88,'Maestría','Maestría en Gobierno y Políticas Públicas','2013-02-23'),(89,'Licenciatura','Licenciatura en Trabajo Social','2012-09-18'),(90,'Maestría','Maestría en Intervención Social','2015-02-24'),(91,'Licenciatura','Licenciatura en Criminología','2011-09-19'),(92,'Maestría','Maestría en Criminalística','2014-02-25'),(93,'Licenciatura','Licenciatura en Seguridad Pública','2010-09-20'),(94,'Maestría','Maestría en Políticas de Seguridad','2013-02-26'),(95,'Licenciatura','Licenciatura en Relaciones Públicas','2012-09-21'),(96,'Maestría','Maestría en Comunicación Organizacional','2015-02-27'),(97,'Licenciatura','Licenciatura en Mercadotecnia','2011-09-22'),(98,'Maestría','Maestría en Mercadotecnia Digital','2014-02-28'),(99,'Licenciatura','Licenciatura en Publicidad','2010-09-23'),(100,'Maestría','Maestría en Creatividad Publicitaria','2013-03-01');
/*!40000 ALTER TABLE `programa` ENABLE KEYS */;
UNLOCK TABLES;

--
-- Table structure for table `proyecto`
--

DROP TABLE IF EXISTS `proyecto`;
/*!40101 SET @saved_cs_client     = @@character_set_client */;
/*!50503 SET character_set_client = utf8mb4 */;
CREATE TABLE `proyecto` (
  `idProyecto` int NOT NULL,
  `nombre` varchar(250) NOT NULL,
  `inicio` date NOT NULL,
  `final` date NOT NULL,
  `idInvestigador` int NOT NULL,
  PRIMARY KEY (`idProyecto`),
  KEY `idInvestigador` (`idInvestigador`),
  CONSTRAINT `proyecto_ibfk_1` FOREIGN KEY (`idInvestigador`) REFERENCES `investigador` (`idInvestigador`)
) ENGINE=InnoDB DEFAULT CHARSET=utf8mb4 COLLATE=utf8mb4_0900_ai_ci;
/*!40101 SET character_set_client = @saved_cs_client */;

--
-- Dumping data for table `proyecto`
--

LOCK TABLES `proyecto` WRITE;
/*!40000 ALTER TABLE `proyecto` DISABLE KEYS */;
INSERT INTO `proyecto` VALUES (1,'Desarrollo de algoritmos de IA para diagnóstico médico','2020-01-15','2023-12-15',1),(2,'Sistemas autónomos para agricultura de precisión','2019-06-20','2022-06-20',2),(3,'Blockchain para transacciones seguras en gobierno','2021-03-10','2024-03-10',3),(4,'Realidad virtual para terapia de fobias','2020-09-05','2023-09-05',4),(5,'Modelado predictivo de pandemias','2019-11-15','2022-11-15',5),(6,'Robótica colaborativa para manufactura','2021-01-20','2024-01-20',6),(7,'Computación cuántica aplicada a criptografía','2020-05-12','2023-05-12',7),(8,'Plataforma de aprendizaje adaptativo','2019-08-30','2022-08-30',8),(9,'Análisis de sentimientos en redes sociales','2021-02-18','2024-02-18',9),(10,'Sistemas de recomendación personalizados','2020-07-22','2023-07-22',10),(11,'Detección temprana de cáncer con IA','2019-10-10','2022-10-10',11),(12,'Ciudades inteligentes y movilidad urbana','2021-04-05','2024-04-05',12),(13,'Energías renovables y optimización','2020-02-28','2023-02-28',13),(14,'Telemedicina para zonas rurales','2019-07-15','2022-07-15',14),(15,'Nanomateriales para almacenamiento energético','2021-05-20','2024-05-20',15),(16,'Biotecnología para tratamiento de aguas','2020-03-10','2023-03-10',16),(17,'Modelos climáticos regionales','2019-09-25','2022-09-25',17),(18,'Sistemas expertos para diagnóstico industrial','2021-06-15','2024-06-15',18),(19,'Realidad aumentada para mantenimiento','2020-04-18','2023-04-18',19),(20,'Algoritmos genéticos para logística','2019-12-01','2022-12-01',20),(21,'Interfaces cerebro-computadora','2021-07-10','2024-07-10',21),(22,'Seguridad en IoT industrial','2020-01-30','2023-01-30',22),(23,'Deep learning para imágenes médicas','2019-05-22','2022-05-22',23),(24,'Plataforma de gobierno abierto','2021-08-12','2024-08-12',24),(25,'Modelado de proteínas con IA','2020-06-05','2023-06-05',25),(26,'Drones para monitoreo ambiental','2019-10-20','2022-10-20',26),(27,'Simuladores cuánticos','2021-03-15','2024-03-15',27),(28,'Educación STEM con realidad mixta','2020-08-08','2023-08-08',28),(29,'Fintech para inclusión financiera','2019-11-30','2022-11-30',29),(30,'Agricultura vertical automatizada','2021-05-05','2024-05-05',30),(31,'Diagnóstico de enfermedades raras con IA','2020-02-10','2023-02-10',31),(32,'Redes neuronales para predicción financiera','2019-07-25','2022-07-25',32),(33,'Robótica blanda para rehabilitación','2021-04-18','2024-04-18',33),(34,'Plataforma de ciberseguridad para pymes','2020-09-12','2023-09-12',34),(35,'Modelos epidemiológicos avanzados','2019-12-15','2022-12-15',35),(36,'Sistemas autónomos submarinos','2021-06-22','2024-06-22',36),(37,'Computación afectiva para educación','2020-03-05','2023-03-05',37),(38,'Blockchain para cadena de suministro','2019-08-20','2022-08-20',38),(39,'Realidad virtual para arquitectura','2021-01-12','2024-01-12',39),(40,'Algoritmos para redes 5G','2020-05-15','2023-05-15',40),(41,'Diagnóstico de autismo con machine learning','2019-10-05','2022-10-05',41),(42,'Sistemas de recomendación para turismo','2021-02-28','2024-02-28',42),(43,'Nanotecnología para purificación de aire','2020-07-18','2023-07-18',43),(44,'Plataforma de analítica deportiva','2019-11-22','2022-11-22',44),(45,'Simulación de materiales cuánticos','2021-04-10','2024-04-10',45),(46,'Asistentes virtuales para adultos mayores','2020-01-25','2023-01-25',46),(47,'Detección de deepfakes','2019-06-15','2022-06-15',47),(48,'Modelado de tráfico urbano','2021-09-08','2024-09-08',48),(49,'Realidad aumentada para museos','2020-04-01','2023-04-01',49),(50,'Algoritmos para computación cuántica','2019-12-10','2022-12-10',50),(51,'Diagnóstico de enfermedades cardiovasculares','2021-05-22','2024-05-22',51),(52,'Sistemas de trading algorítmico','2020-02-15','2023-02-15',52),(53,'Robótica para cirugía mínimamente invasiva','2019-07-30','2022-07-30',53),(54,'Plataforma de e-learning adaptativo','2021-03-12','2024-03-12',54),(55,'Modelado de ecosistemas marinos','2020-08-05','2023-08-05',55),(56,'Detección de plagas con drones','2019-11-18','2022-11-18',56),(57,'Computación neuromórfica','2021-06-10','2024-06-10',57),(58,'Realidad virtual para entrenamiento industrial','2020-01-20','2023-01-20',58),(59,'Blockchain para propiedad intelectual','2019-05-05','2022-05-05',59),(60,'Sistemas de recomendación musical','2021-09-22','2024-09-22',60),(61,'Diagnóstico de Alzheimer con IA','2020-03-15','2023-03-15',61),(62,'Modelado de mercados financieros','2019-08-10','2022-08-10',62),(63,'Robótica para exploración espacial','2021-01-05','2024-01-05',63),(64,'Plataforma de telepsiquiatría','2020-05-28','2023-05-28',64),(65,'Simulación de proteínas virales','2019-10-15','2022-10-15',65),(66,'Detección de incendios forestales','2021-04-08','2024-04-08',66),(67,'Computación cuántica para química','2020-09-01','2023-09-01',67),(68,'Realidad aumentada para retail','2019-12-22','2022-12-22',68),(69,'Algoritmos para redes neuronales','2021-07-15','2024-07-15',69),(70,'Sistemas de diagnóstico agrícola','2020-02-08','2023-02-08',70),(71,'Nanotecnología para tratamiento de cáncer','2019-06-25','2022-06-25',71),(72,'Modelado de pandemias globales','2021-10-10','2024-10-10',72),(73,'Robótica para rehabilitación neurológica','2020-04-12','2023-04-12',73),(74,'Plataforma de identidad digital','2019-09-05','2022-09-05',74),(75,'Simulación de materiales avanzados','2021-02-20','2024-02-20',75),(76,'Detección de fraudes financieros','2020-07-15','2023-07-15',76),(77,'Computación cuántica para logística','2019-11-08','2022-11-08',77),(78,'Realidad virtual para terapia psicológica','2021-05-01','2024-05-01',78),(79,'Blockchain para votación electrónica','2020-01-18','2023-01-18',79),(80,'Sistemas de recomendación de libros','2019-04-22','2022-04-22',80),(81,'Diagnóstico de Parkinson con wearables','2021-08-15','2024-08-15',81),(82,'Modelado de sistemas económicos','2020-03-08','2023-03-08',82),(83,'Robótica para desastres naturales','2019-07-20','2022-07-20',83),(84,'Plataforma de telemedicina pediátrica','2021-12-12','2024-12-12',84),(85,'Simulación de fármacos con IA','2020-05-25','2023-05-25',85),(86,'Detección de contaminación acústica','2019-10-10','2022-10-10',86),(87,'Computación cuántica para machine learning','2021-03-05','2024-03-05',87),(88,'Realidad aumentada para educación','2020-08-20','2023-08-20',88),(89,'Algoritmos para criptomonedas','2019-12-15','2022-12-15',89),(90,'Sistemas de diagnóstico automotriz','2021-06-08','2024-06-08',90),(91,'Nanotecnología para energía solar','2020-02-01','2023-02-01',91),(92,'Modelado de sistemas inmunológicos','2019-05-18','2022-05-18',92),(93,'Robótica para agricultura','2021-09-10','2024-09-10',93),(94,'Plataforma de salud mental','2020-04-05','2023-04-05',94),(95,'Simulación de ecosistemas urbanos','2019-08-28','2022-08-28',95),(96,'Detección de malware con IA','2021-01-15','2024-01-15',96),(97,'Computación cuántica para finanzas','2020-06-10','2023-06-10',97),(98,'Realidad virtual para diseño industrial','2019-10-22','2022-10-22',98),(99,'Blockchain para registros médicos','2021-04-15','2024-04-15',99),(100,'Sistemas de recomendación de películas','2020-09-08','2023-09-08',100);
/*!40000 ALTER TABLE `proyecto` ENABLE KEYS */;
UNLOCK TABLES;
/*!40103 SET TIME_ZONE=@OLD_TIME_ZONE */;

/*!40101 SET SQL_MODE=@OLD_SQL_MODE */;
/*!40014 SET FOREIGN_KEY_CHECKS=@OLD_FOREIGN_KEY_CHECKS */;
/*!40014 SET UNIQUE_CHECKS=@OLD_UNIQUE_CHECKS */;
/*!40101 SET CHARACTER_SET_CLIENT=@OLD_CHARACTER_SET_CLIENT */;
/*!40101 SET CHARACTER_SET_RESULTS=@OLD_CHARACTER_SET_RESULTS */;
/*!40101 SET COLLATION_CONNECTION=@OLD_COLLATION_CONNECTION */;
/*!40111 SET SQL_NOTES=@OLD_SQL_NOTES */;

-- Dump completed on 2025-04-28 13:53:43
